CREATE DATABASE  IF NOT EXISTS `onlinebetting` /*!40100 DEFAULT CHARACTER SET latin1 */;
USE `onlinebetting`;
-- MySQL dump 10.13  Distrib 8.0.21, for Linux (x86_64)
--
-- Host: 127.0.0.1    Database: onlinebetting
-- ------------------------------------------------------
-- Server version	5.7.29

/*!40101 SET @OLD_CHARACTER_SET_CLIENT=@@CHARACTER_SET_CLIENT */;
/*!40101 SET @OLD_CHARACTER_SET_RESULTS=@@CHARACTER_SET_RESULTS */;
/*!40101 SET @OLD_COLLATION_CONNECTION=@@COLLATION_CONNECTION */;
/*!50503 SET NAMES utf8 */;
/*!40103 SET @OLD_TIME_ZONE=@@TIME_ZONE */;
/*!40103 SET TIME_ZONE='+00:00' */;
/*!40014 SET @OLD_UNIQUE_CHECKS=@@UNIQUE_CHECKS, UNIQUE_CHECKS=0 */;
/*!40014 SET @OLD_FOREIGN_KEY_CHECKS=@@FOREIGN_KEY_CHECKS, FOREIGN_KEY_CHECKS=0 */;
/*!40101 SET @OLD_SQL_MODE=@@SQL_MODE, SQL_MODE='NO_AUTO_VALUE_ON_ZERO' */;
/*!40111 SET @OLD_SQL_NOTES=@@SQL_NOTES, SQL_NOTES=0 */;

--
-- Table structure for table `amount_types`
--

DROP TABLE IF EXISTS `amount_types`;
/*!40101 SET @saved_cs_client     = @@character_set_client */;
/*!50503 SET character_set_client = utf8mb4 */;
CREATE TABLE `amount_types` (
  `id` bigint(20) unsigned NOT NULL AUTO_INCREMENT,
  `amount` decimal(15,2) DEFAULT '0.00',
  `created_at` timestamp NULL DEFAULT NULL,
  `updated_at` timestamp NULL DEFAULT NULL,
  PRIMARY KEY (`id`)
) ENGINE=InnoDB AUTO_INCREMENT=12 DEFAULT CHARSET=utf8mb4 COLLATE=utf8mb4_unicode_ci;
/*!40101 SET character_set_client = @saved_cs_client */;

--
-- Dumping data for table `amount_types`
--

LOCK TABLES `amount_types` WRITE;
/*!40000 ALTER TABLE `amount_types` DISABLE KEYS */;
INSERT INTO `amount_types` VALUES (1,2.00,'2020-09-16 11:36:10','2020-09-16 11:36:10'),(2,25.00,'2020-09-16 11:36:10','2020-09-16 11:36:10'),(3,50.00,'2020-09-16 11:36:10','2020-09-16 11:36:10'),(4,250.00,'2020-09-16 11:36:10','2020-09-16 11:36:10'),(5,500.00,'2020-09-16 11:36:10','2020-09-16 11:36:10'),(6,1000.00,'2020-09-16 11:36:10','2020-09-16 11:36:10'),(7,5000.00,'2020-09-16 11:36:10','2020-09-16 11:36:10'),(8,10000.00,'2020-09-16 11:36:10','2020-09-16 11:36:10'),(9,50000.00,'2020-09-16 11:36:10','2020-09-16 11:36:10'),(10,80000.00,'2020-09-16 11:36:10','2020-09-16 11:36:10'),(11,100000.00,'2020-09-16 11:36:10','2020-09-16 11:36:10');
/*!40000 ALTER TABLE `amount_types` ENABLE KEYS */;
UNLOCK TABLES;

--
-- Table structure for table `bet_game_horse`
--

DROP TABLE IF EXISTS `bet_game_horse`;
/*!40101 SET @saved_cs_client     = @@character_set_client */;
/*!50503 SET character_set_client = utf8mb4 */;
CREATE TABLE `bet_game_horse` (
  `id` bigint(20) unsigned NOT NULL AUTO_INCREMENT,
  `bet_id` bigint(20) unsigned NOT NULL,
  `game_id` bigint(20) unsigned NOT NULL,
  `horse_id` bigint(20) unsigned NOT NULL,
  `position_number` int(11) NOT NULL,
  `horse_no` bigint(20) unsigned NOT NULL,
  PRIMARY KEY (`id`),
  KEY `bet_game_horse_bet_id_foreign` (`bet_id`),
  KEY `bet_game_horse_game_id_foreign` (`game_id`),
  KEY `bet_game_horse_horse_id_foreign` (`horse_id`),
  CONSTRAINT `bet_game_horse_bet_id_foreign` FOREIGN KEY (`bet_id`) REFERENCES `bets` (`id`),
  CONSTRAINT `bet_game_horse_game_id_foreign` FOREIGN KEY (`game_id`) REFERENCES `games` (`id`),
  CONSTRAINT `bet_game_horse_horse_id_foreign` FOREIGN KEY (`horse_id`) REFERENCES `horses` (`id`)
) ENGINE=InnoDB AUTO_INCREMENT=993 DEFAULT CHARSET=utf8mb4 COLLATE=utf8mb4_unicode_ci;
/*!40101 SET character_set_client = @saved_cs_client */;

--
-- Dumping data for table `bet_game_horse`
--

LOCK TABLES `bet_game_horse` WRITE;
/*!40000 ALTER TABLE `bet_game_horse` DISABLE KEYS */;
INSERT INTO `bet_game_horse` VALUES (214,103,2,2,1,2),(215,103,2,3,1,2),(216,103,2,5,1,2),(217,104,1,6,1,6),(218,104,1,5,1,5),(219,104,1,2,1,2),(220,104,2,3,1,3),(221,104,3,1,1,1),(222,104,4,3,1,3),(223,104,4,1,1,1),(224,104,5,4,1,2),(225,104,11,3,1,3),(226,104,11,1,1,1),(227,104,12,1,1,1),(228,104,12,3,1,3),(229,104,12,4,1,2),(230,105,1,6,1,6),(231,105,1,5,1,5),(232,105,1,2,1,2),(233,105,2,3,1,3),(234,105,3,1,1,1),(235,105,4,3,1,3),(236,105,4,1,1,1),(237,105,5,4,1,2),(238,105,11,3,1,3),(239,105,11,1,1,1),(240,105,12,1,1,1),(241,105,12,3,1,3),(242,105,12,4,1,2),(243,106,1,6,1,6),(244,106,1,5,1,5),(245,106,1,2,1,2),(246,106,2,3,1,3),(247,106,3,1,1,1),(248,106,4,3,1,3),(249,106,4,1,1,1),(250,106,5,4,1,2),(251,106,11,3,1,3),(252,106,11,1,1,1),(253,106,12,1,1,1),(254,106,12,3,1,3),(255,106,12,4,1,2),(256,107,1,6,1,6),(257,107,1,5,1,5),(258,107,1,2,1,2),(259,107,2,3,1,3),(260,107,3,1,1,1),(261,107,4,3,1,3),(262,107,4,1,1,1),(263,107,5,4,1,2),(264,107,11,3,1,3),(265,107,11,1,1,1),(266,107,12,1,1,1),(267,107,12,3,1,3),(268,107,12,4,1,2),(269,108,1,6,1,6),(270,108,1,5,1,5),(271,108,1,2,1,2),(272,108,2,3,1,3),(273,108,3,1,1,1),(274,108,4,3,1,3),(275,108,4,1,1,1),(276,108,5,4,1,2),(277,108,11,3,1,3),(278,108,11,1,1,1),(279,108,12,1,1,1),(280,108,12,3,1,3),(281,108,12,4,1,2),(282,109,1,2,1,2),(283,110,1,2,1,2),(284,111,1,2,1,2),(285,112,1,2,1,2),(286,113,1,2,1,2),(287,114,1,6,1,6),(288,115,1,6,1,6),(289,116,1,6,1,6),(290,117,1,6,1,6),(291,118,1,6,1,6),(292,119,1,6,1,6),(293,120,1,6,1,6),(294,121,1,6,1,6),(295,122,1,6,1,6),(296,123,1,6,1,6),(297,124,1,6,1,6),(298,125,1,6,1,6),(299,126,1,6,1,6),(300,127,1,6,1,6),(301,128,1,6,1,6),(302,129,1,6,1,6),(303,130,1,6,1,6),(304,131,1,2,1,2),(305,131,2,3,1,3),(306,131,3,1,1,1),(307,131,4,1,1,1),(308,131,11,1,1,1),(309,131,12,1,1,1),(310,131,5,1,1,1),(311,132,1,2,1,2),(312,132,2,3,1,3),(313,132,3,1,1,1),(314,132,4,1,1,1),(315,132,11,1,1,1),(316,132,12,1,1,1),(317,132,5,1,1,1),(318,133,1,2,1,2),(319,133,1,3,1,3),(320,133,1,4,1,4),(321,133,2,3,1,3),(322,133,3,1,1,1),(323,133,4,1,1,1),(324,133,11,1,1,1),(325,133,12,1,1,1),(326,133,5,1,1,1),(327,134,1,2,1,2),(328,134,1,3,1,3),(329,134,1,4,1,4),(330,134,2,3,1,3),(331,134,3,1,1,1),(332,134,4,1,1,1),(333,134,11,1,1,1),(334,134,12,1,1,1),(335,134,5,1,1,1),(336,152,2,3,1,3),(337,152,2,4,1,2),(338,152,1,2,1,2),(339,152,3,1,1,1),(340,152,3,3,1,3),(341,152,3,4,1,2),(342,152,4,1,1,1),(343,152,4,3,1,3),(344,152,4,4,1,2),(345,152,4,7,1,5),(346,152,5,1,1,1),(347,152,5,3,1,3),(348,152,5,4,1,2),(349,152,5,7,1,5),(350,152,5,8,1,4),(351,152,11,1,1,1),(352,152,12,1,1,1),(353,152,12,3,1,3),(354,153,2,3,1,3),(355,153,2,4,1,2),(356,153,1,2,1,2),(357,153,3,1,1,1),(358,153,3,3,1,3),(359,153,3,4,1,2),(360,153,4,1,1,1),(361,153,4,3,1,3),(362,153,4,4,1,2),(363,153,4,7,1,5),(364,153,5,1,1,1),(365,153,5,3,1,3),(366,153,5,4,1,2),(367,153,5,7,1,5),(368,153,5,8,1,4),(369,153,11,1,1,1),(370,153,12,1,1,1),(371,153,12,3,1,3),(372,154,2,3,1,3),(373,154,2,4,1,2),(374,154,1,2,1,2),(375,154,3,1,1,1),(376,154,3,3,1,3),(377,154,3,4,1,2),(378,154,4,1,1,1),(379,154,4,3,1,3),(380,154,4,4,1,2),(381,154,4,7,1,5),(382,154,5,1,1,1),(383,154,5,3,1,3),(384,154,5,4,1,2),(385,154,5,7,1,5),(386,154,5,8,1,4),(387,154,11,1,1,1),(388,154,12,1,1,1),(389,154,12,3,1,3),(390,155,2,3,1,3),(391,155,2,4,1,2),(392,155,1,2,1,2),(393,155,3,1,1,1),(394,155,3,3,1,3),(395,155,3,4,1,2),(396,155,4,1,1,1),(397,155,4,3,1,3),(398,155,4,4,1,2),(399,155,4,7,1,5),(400,155,5,1,1,1),(401,155,5,3,1,3),(402,155,5,4,1,2),(403,155,5,7,1,5),(404,155,5,8,1,4),(405,155,11,1,1,1),(406,155,12,1,1,1),(407,155,12,3,1,3),(408,156,2,3,1,3),(409,156,2,4,1,2),(410,156,1,2,1,2),(411,156,3,1,1,1),(412,156,3,3,1,3),(413,156,3,4,1,2),(414,156,4,1,1,1),(415,156,4,3,1,3),(416,156,4,4,1,2),(417,156,4,7,1,5),(418,156,5,1,1,1),(419,156,5,3,1,3),(420,156,5,4,1,2),(421,156,5,7,1,5),(422,156,5,8,1,4),(423,156,11,1,1,1),(424,156,12,1,1,1),(425,156,12,3,1,3),(426,157,2,3,1,3),(427,157,2,4,1,2),(428,157,1,2,1,2),(429,157,3,1,1,1),(430,157,3,3,1,3),(431,157,3,4,1,2),(432,157,4,1,1,1),(433,157,4,3,1,3),(434,157,4,4,1,2),(435,157,4,7,1,5),(436,157,5,1,1,1),(437,157,5,3,1,3),(438,157,5,4,1,2),(439,157,5,7,1,5),(440,157,5,8,1,4),(441,157,11,1,1,1),(442,157,12,1,1,1),(443,157,12,3,1,3),(444,158,2,3,1,3),(445,158,2,4,1,2),(446,158,1,2,1,2),(447,158,3,1,1,1),(448,158,3,3,1,3),(449,158,3,4,1,2),(450,158,4,1,1,1),(451,158,4,3,1,3),(452,158,4,4,1,2),(453,158,4,7,1,5),(454,158,5,1,1,1),(455,158,5,3,1,3),(456,158,5,4,1,2),(457,158,5,7,1,5),(458,158,5,8,1,4),(459,158,11,1,1,1),(460,158,12,1,1,1),(461,158,12,3,1,3),(462,159,2,3,1,3),(463,159,2,4,1,2),(464,159,1,2,1,2),(465,159,3,1,1,1),(466,159,3,3,1,3),(467,159,3,4,1,2),(468,159,4,1,1,1),(469,159,4,3,1,3),(470,159,4,4,1,2),(471,159,4,7,1,5),(472,159,5,1,1,1),(473,159,5,3,1,3),(474,159,5,4,1,2),(475,159,5,7,1,5),(476,159,5,8,1,4),(477,159,11,1,1,1),(478,159,12,1,1,1),(479,159,12,3,1,3),(480,160,2,3,1,3),(481,160,2,4,1,2),(482,160,1,2,1,2),(483,160,3,1,1,1),(484,160,3,3,1,3),(485,160,3,4,1,2),(486,160,4,1,1,1),(487,160,4,3,1,3),(488,160,4,4,1,2),(489,160,4,7,1,5),(490,160,5,1,1,1),(491,160,5,3,1,3),(492,160,5,4,1,2),(493,160,5,7,1,5),(494,160,5,8,1,4),(495,160,11,1,1,1),(496,160,12,1,1,1),(497,160,12,3,1,3),(498,161,2,3,1,3),(499,161,2,4,1,2),(500,161,1,2,1,2),(501,161,3,1,1,1),(502,161,3,3,1,3),(503,161,3,4,1,2),(504,161,4,1,1,1),(505,161,4,3,1,3),(506,161,4,4,1,2),(507,161,4,7,1,5),(508,161,5,1,1,1),(509,161,5,3,1,3),(510,161,5,4,1,2),(511,161,5,7,1,5),(512,161,5,8,1,4),(513,161,11,1,1,1),(514,161,12,1,1,1),(515,161,12,3,1,3),(516,162,2,3,1,3),(517,162,2,4,1,2),(518,162,1,2,1,2),(519,162,3,1,1,1),(520,162,3,3,1,3),(521,162,3,4,1,2),(522,162,4,1,1,1),(523,162,4,3,1,3),(524,162,4,4,1,2),(525,162,4,7,1,5),(526,162,5,1,1,1),(527,162,5,3,1,3),(528,162,5,4,1,2),(529,162,5,7,1,5),(530,162,5,8,1,4),(531,162,11,1,1,1),(532,162,12,1,1,1),(533,162,12,3,1,3),(534,163,2,3,1,3),(535,163,2,4,1,2),(536,163,1,2,1,2),(537,163,3,1,1,1),(538,163,3,3,1,3),(539,163,3,4,1,2),(540,163,4,1,1,1),(541,163,4,3,1,3),(542,163,4,4,1,2),(543,163,4,7,1,5),(544,163,5,1,1,1),(545,163,5,3,1,3),(546,163,5,4,1,2),(547,163,5,7,1,5),(548,163,5,8,1,4),(549,163,11,1,1,1),(550,163,12,1,1,1),(551,163,12,3,1,3),(552,164,2,3,1,3),(553,164,2,4,1,2),(554,164,1,2,1,2),(555,164,3,1,1,1),(556,164,3,3,1,3),(557,164,3,4,1,2),(558,164,4,1,1,1),(559,164,4,3,1,3),(560,164,4,4,1,2),(561,164,4,7,1,5),(562,164,5,1,1,1),(563,164,5,3,1,3),(564,164,5,4,1,2),(565,164,5,7,1,5),(566,164,5,8,1,4),(567,164,11,1,1,1),(568,164,12,1,1,1),(569,164,12,3,1,3),(570,165,2,3,1,3),(571,165,2,4,1,2),(572,165,1,2,1,2),(573,165,3,1,1,1),(574,165,3,3,1,3),(575,165,3,4,1,2),(576,165,4,1,1,1),(577,165,4,3,1,3),(578,165,4,4,1,2),(579,165,4,7,1,5),(580,165,5,1,1,1),(581,165,5,3,1,3),(582,165,5,4,1,2),(583,165,5,7,1,5),(584,165,5,8,1,4),(585,165,11,1,1,1),(586,165,12,1,1,1),(587,165,12,3,1,3),(588,166,2,3,1,3),(589,166,2,4,1,2),(590,166,1,2,1,2),(591,166,3,1,1,1),(592,166,3,3,1,3),(593,166,3,4,1,2),(594,166,4,1,1,1),(595,166,4,3,1,3),(596,166,4,4,1,2),(597,166,4,7,1,5),(598,166,5,1,1,1),(599,166,5,3,1,3),(600,166,5,4,1,2),(601,166,5,7,1,5),(602,166,5,8,1,4),(603,166,11,1,1,1),(604,166,12,1,1,1),(605,166,12,3,1,3),(606,167,2,3,1,3),(607,167,2,4,1,2),(608,167,1,2,1,2),(609,167,3,1,1,1),(610,167,3,3,1,3),(611,167,3,4,1,2),(612,167,4,1,1,1),(613,167,4,3,1,3),(614,167,4,4,1,2),(615,167,4,7,1,5),(616,167,5,1,1,1),(617,167,5,3,1,3),(618,167,5,4,1,2),(619,167,5,7,1,5),(620,167,5,8,1,4),(621,167,11,1,1,1),(622,167,12,1,1,1),(623,167,12,3,1,3),(624,168,2,3,1,3),(625,168,2,4,1,2),(626,168,1,2,1,2),(627,168,3,1,1,1),(628,168,3,3,1,3),(629,168,3,4,1,2),(630,168,4,1,1,1),(631,168,4,3,1,3),(632,168,4,4,1,2),(633,168,4,7,1,5),(634,168,5,1,1,1),(635,168,5,3,1,3),(636,168,5,4,1,2),(637,168,5,7,1,5),(638,168,5,8,1,4),(639,168,11,1,1,1),(640,168,12,1,1,1),(641,168,12,3,1,3),(642,169,2,3,1,3),(643,169,2,4,1,2),(644,169,1,2,1,2),(645,169,3,1,1,1),(646,169,3,3,1,3),(647,169,3,4,1,2),(648,169,4,1,1,1),(649,169,4,3,1,3),(650,169,4,4,1,2),(651,169,4,7,1,5),(652,169,5,1,1,1),(653,169,5,3,1,3),(654,169,5,4,1,2),(655,169,5,7,1,5),(656,169,5,8,1,4),(657,169,11,1,1,1),(658,169,12,1,1,1),(659,169,12,3,1,3),(660,170,2,3,1,3),(661,170,2,4,1,2),(662,170,1,2,1,2),(663,170,3,1,1,1),(664,170,3,3,1,3),(665,170,3,4,1,2),(666,170,4,1,1,1),(667,170,4,3,1,3),(668,170,4,4,1,2),(669,170,4,7,1,5),(670,170,5,1,1,1),(671,170,5,3,1,3),(672,170,5,4,1,2),(673,170,5,7,1,5),(674,170,5,8,1,4),(675,170,11,1,1,1),(676,170,12,1,1,1),(677,170,12,3,1,3),(678,171,2,3,1,3),(679,171,2,4,1,2),(680,171,1,2,1,2),(681,171,3,1,1,1),(682,171,3,3,1,3),(683,171,3,4,1,2),(684,171,4,1,1,1),(685,171,4,3,1,3),(686,171,4,4,1,2),(687,171,4,7,1,5),(688,171,5,1,1,1),(689,171,5,3,1,3),(690,171,5,4,1,2),(691,171,5,7,1,5),(692,171,5,8,1,4),(693,171,11,1,1,1),(694,171,12,1,1,1),(695,171,12,3,1,3),(696,172,2,3,1,3),(697,172,2,4,1,2),(698,172,1,2,1,2),(699,172,3,1,1,1),(700,172,3,3,1,3),(701,172,3,4,1,2),(702,172,4,1,1,1),(703,172,4,3,1,3),(704,172,4,4,1,2),(705,172,4,7,1,5),(706,172,5,1,1,1),(707,172,5,3,1,3),(708,172,5,4,1,2),(709,172,5,7,1,5),(710,172,5,8,1,4),(711,172,11,1,1,1),(712,172,12,1,1,1),(713,172,12,3,1,3),(714,173,2,3,1,3),(715,173,2,4,1,2),(716,173,1,2,1,2),(717,173,3,1,1,1),(718,173,3,3,1,3),(719,173,3,4,1,2),(720,173,4,1,1,1),(721,173,4,3,1,3),(722,173,4,4,1,2),(723,173,4,7,1,5),(724,173,5,1,1,1),(725,173,5,3,1,3),(726,173,5,4,1,2),(727,173,5,7,1,5),(728,173,5,8,1,4),(729,173,11,1,1,1),(730,173,12,1,1,1),(731,173,12,3,1,3),(732,174,2,3,1,3),(733,174,2,4,1,2),(734,174,1,2,1,2),(735,174,3,1,1,1),(736,174,3,3,1,3),(737,174,3,4,1,2),(738,174,4,1,1,1),(739,174,4,3,1,3),(740,174,4,4,1,2),(741,174,4,7,1,5),(742,174,5,1,1,1),(743,174,5,3,1,3),(744,174,5,4,1,2),(745,174,5,7,1,5),(746,174,5,8,1,4),(747,174,11,1,1,1),(748,174,12,1,1,1),(749,174,12,3,1,3),(750,175,2,3,1,3),(751,175,2,4,1,2),(752,175,1,2,1,2),(753,175,3,1,1,1),(754,175,3,3,1,3),(755,175,3,4,1,2),(756,175,4,1,1,1),(757,175,4,3,1,3),(758,175,4,4,1,2),(759,175,4,7,1,5),(760,175,5,1,1,1),(761,175,5,3,1,3),(762,175,5,4,1,2),(763,175,5,7,1,5),(764,175,5,8,1,4),(765,175,11,1,1,1),(766,175,12,1,1,1),(767,175,12,3,1,3),(768,176,1,2,1,2),(769,176,1,3,1,3),(770,176,2,3,1,3),(771,176,3,1,1,1),(772,176,4,1,1,1),(773,176,4,3,1,3),(774,176,4,4,1,2),(775,176,5,1,1,1),(776,176,5,3,1,3),(777,176,11,1,1,1),(778,176,12,1,1,1),(779,176,12,3,1,3),(780,176,12,4,1,2),(781,177,1,2,1,2),(782,177,1,3,1,3),(783,177,2,3,1,3),(784,177,3,1,1,1),(785,177,4,1,1,1),(786,177,4,3,1,3),(787,177,4,4,1,2),(788,177,5,1,1,1),(789,177,5,3,1,3),(790,177,11,1,1,1),(791,177,12,1,1,1),(792,177,12,3,1,3),(793,177,12,4,1,2),(794,178,1,2,1,2),(795,178,1,3,1,3),(796,178,2,3,1,3),(797,178,3,1,1,1),(798,178,4,1,1,1),(799,178,4,3,1,3),(800,178,4,4,1,2),(801,178,5,1,1,1),(802,178,5,3,1,3),(803,178,11,1,1,1),(804,178,12,1,1,1),(805,178,12,3,1,3),(806,178,12,4,1,2),(807,179,1,2,1,2),(808,179,1,3,1,3),(809,179,2,3,1,3),(810,179,3,1,1,1),(811,179,4,1,1,1),(812,179,4,3,1,3),(813,179,4,4,1,2),(814,179,5,1,1,1),(815,179,5,3,1,3),(816,179,11,1,1,1),(817,179,12,1,1,1),(818,179,12,3,1,3),(819,179,12,4,1,2),(820,180,1,2,1,2),(821,180,1,3,1,3),(822,180,2,3,1,3),(823,180,3,1,1,1),(824,180,4,1,1,1),(825,180,4,3,1,3),(826,180,4,4,1,2),(827,180,5,1,1,1),(828,180,5,3,1,3),(829,180,11,1,1,1),(830,180,12,1,1,1),(831,180,12,3,1,3),(832,180,12,4,1,2),(833,181,1,2,1,2),(834,181,1,3,1,3),(835,181,1,4,1,3),(836,182,1,2,1,2),(837,182,1,3,1,3),(838,182,1,4,1,3),(839,183,1,2,1,2),(840,183,1,3,1,3),(841,183,1,4,1,3),(842,184,1,2,1,2),(843,184,1,3,1,3),(844,184,1,4,1,3),(845,185,1,2,1,2),(846,185,1,3,1,3),(847,185,2,3,1,3),(848,185,3,1,1,1),(849,185,4,1,1,1),(850,185,4,3,1,3),(851,185,4,4,1,2),(852,185,5,1,1,1),(853,185,5,3,1,3),(854,185,11,1,1,1),(855,185,12,1,1,1),(856,185,12,3,1,3),(857,185,12,4,1,2),(858,186,1,2,1,2),(859,186,1,3,1,3),(860,186,2,3,1,3),(861,186,3,1,1,1),(862,186,4,1,1,1),(863,186,4,3,1,3),(864,186,4,4,1,2),(865,186,5,1,1,1),(866,186,5,3,1,3),(867,186,11,1,1,1),(868,186,12,1,1,1),(869,186,12,3,1,3),(870,186,12,4,1,2),(871,187,1,2,1,2),(872,187,1,3,1,3),(873,188,1,2,1,2),(874,189,1,2,1,2),(875,190,1,2,1,2),(876,191,1,6,1,6),(877,192,1,6,1,6),(878,193,1,2,1,2),(879,194,1,2,1,2),(880,195,1,6,1,6),(881,196,1,5,1,5),(882,197,1,6,1,6),(883,198,1,6,1,6),(884,199,1,2,1,2),(885,200,1,6,1,6),(886,201,1,2,1,2),(887,202,1,2,1,2),(888,203,1,2,1,2),(889,204,1,2,1,2),(890,205,1,5,1,5),(891,206,1,5,1,5),(892,206,1,4,1,4),(893,206,1,3,1,3),(894,207,1,5,1,5),(895,207,1,4,1,4),(896,207,1,3,1,3),(897,207,1,6,1,6),(898,208,1,5,1,5),(899,208,1,4,1,4),(900,208,1,3,1,3),(901,208,1,6,1,6),(902,209,1,6,1,6),(903,210,1,6,1,6),(904,211,1,2,1,2),(905,212,1,5,1,5),(906,213,1,2,1,2),(907,214,1,6,1,6),(908,215,1,6,1,6),(909,215,1,5,1,5),(910,215,1,4,1,4),(911,215,1,3,1,3),(912,215,1,2,1,2),(913,216,1,6,1,6),(914,216,1,4,1,4),(915,216,1,5,1,5),(916,217,1,6,1,6),(917,218,1,6,1,6),(918,219,1,6,1,6),(919,220,1,6,1,6),(920,221,1,6,1,6),(921,222,1,2,1,2),(922,223,1,2,1,2),(923,224,1,2,1,2),(924,224,1,4,1,4),(925,224,1,3,1,3),(926,225,1,2,1,2),(927,225,1,4,1,4),(928,225,1,3,1,3),(929,225,1,5,1,5),(930,226,1,2,1,2),(931,226,2,3,1,3),(932,226,3,1,1,1),(933,226,4,1,1,1),(934,226,5,1,1,1),(935,226,11,1,1,1),(936,226,12,1,1,1),(937,227,1,6,1,6),(938,228,1,6,1,6),(939,229,1,6,1,6),(940,230,1,6,1,6),(941,231,1,6,1,6),(942,232,1,6,1,6),(943,232,1,3,1,3),(944,233,1,6,1,6),(945,234,1,6,1,6),(946,235,1,6,1,6),(947,236,1,6,1,6),(948,237,1,6,1,6),(949,238,1,6,1,6),(950,239,1,2,1,2),(951,239,2,3,1,3),(952,239,3,1,1,1),(953,239,4,1,1,1),(954,239,5,1,1,1),(955,239,11,1,1,1),(956,239,12,1,1,1),(957,239,12,8,1,4),(958,240,1,2,1,2),(959,241,1,2,1,2),(960,242,1,6,1,6),(961,243,1,6,1,6),(962,244,1,6,1,6),(963,245,1,2,1,2),(964,245,2,3,1,3),(965,245,3,8,1,4),(966,245,4,4,1,2),(967,245,4,3,1,3),(968,245,4,8,1,4),(969,245,4,7,1,5),(970,246,1,2,1,2),(971,246,1,3,1,3),(972,246,1,4,1,4),(973,246,2,4,1,2),(974,246,3,3,1,3),(975,246,4,8,1,4),(976,247,2,8,1,4),(977,247,2,3,2,3),(978,248,2,8,1,4),(979,248,2,3,2,3),(980,249,2,4,1,2),(981,249,3,1,1,1),(982,249,4,1,1,1),(983,249,5,1,1,1),(984,249,11,1,1,1),(985,249,11,4,1,2),(986,249,11,7,1,5),(987,249,11,8,1,4),(988,250,4,1,1,1),(989,251,4,1,1,1),(990,252,4,1,1,1),(991,253,4,1,1,1),(992,254,12,1,1,1);
/*!40000 ALTER TABLE `bet_game_horse` ENABLE KEYS */;
UNLOCK TABLES;

--
-- Table structure for table `bet_types`
--

DROP TABLE IF EXISTS `bet_types`;
/*!40101 SET @saved_cs_client     = @@character_set_client */;
/*!50503 SET character_set_client = utf8mb4 */;
CREATE TABLE `bet_types` (
  `id` bigint(20) unsigned NOT NULL AUTO_INCREMENT,
  `name` varchar(255) COLLATE utf8mb4_unicode_ci NOT NULL,
  `formula` text COLLATE utf8mb4_unicode_ci,
  `description` text COLLATE utf8mb4_unicode_ci,
  `created_at` timestamp NULL DEFAULT NULL,
  `updated_at` timestamp NULL DEFAULT NULL,
  `game_count` int(11) NOT NULL DEFAULT '1',
  `horse_count` int(11) NOT NULL DEFAULT '1',
  `select_type` varchar(255) COLLATE utf8mb4_unicode_ci NOT NULL,
  `select_input` json NOT NULL,
  `color` varchar(255) COLLATE utf8mb4_unicode_ci DEFAULT NULL,
  `enabled` tinyint(1) NOT NULL DEFAULT '1',
  PRIMARY KEY (`id`)
) ENGINE=InnoDB AUTO_INCREMENT=18 DEFAULT CHARSET=utf8mb4 COLLATE=utf8mb4_unicode_ci;
/*!40101 SET character_set_client = @saved_cs_client */;

--
-- Dumping data for table `bet_types`
--

LOCK TABLES `bet_types` WRITE;
/*!40000 ALTER TABLE `bet_types` DISABLE KEYS */;
INSERT INTO `bet_types` VALUES (1,'WIN',NULL,NULL,'2020-09-16 11:36:10','2020-09-16 11:36:10',1,1,'each','[1]','#e1b304',1),(2,'FC',NULL,NULL,'2020-09-16 11:36:10','2020-09-16 11:36:10',1,2,'each','[1, 2]','#9bbdbc',1),(3,'QRT',NULL,NULL,'2020-09-16 11:36:10','2020-09-16 11:36:10',1,4,'each','[1, 2, 3, 4]','#cf7c27',1),(4,'PENTA',NULL,NULL,'2020-09-16 11:36:10','2020-09-16 11:36:10',1,5,'each','[1, 2, 3, 4, 5]','#536c81',1),(5,'SIX',NULL,NULL,'2020-09-16 11:36:10','2020-09-16 11:36:10',1,6,'each','[1, 2, 3, 4, 5, 6]','#6abcd9',1),(6,'DD',NULL,NULL,'2020-09-16 11:36:10','2020-09-16 11:36:10',2,1,'each','[1]','#11a8fc',1),(7,'WTA',NULL,NULL,'2020-09-16 11:36:10','2020-09-16 11:36:10',7,1,'each','[1]','#8fec11',1),(11,'PK 6',NULL,NULL,'2020-09-16 11:36:10','2020-09-16 11:36:10',6,1,'each','[1]','#c7c932',1),(12,'PK 5',NULL,NULL,'2020-09-16 11:36:10','2020-09-16 11:36:10',5,1,'each','[1]','#9a60e0',1),(17,'PK 4',NULL,NULL,'2020-09-16 11:36:10','2020-09-16 11:36:10',4,1,'each','[1]','#6bd1a8',1);
/*!40000 ALTER TABLE `bet_types` ENABLE KEYS */;
UNLOCK TABLES;

--
-- Table structure for table `bets`
--

DROP TABLE IF EXISTS `bets`;
/*!40101 SET @saved_cs_client     = @@character_set_client */;
/*!50503 SET character_set_client = utf8mb4 */;
CREATE TABLE `bets` (
  `id` bigint(20) unsigned NOT NULL AUTO_INCREMENT,
  `user_id` bigint(20) unsigned NOT NULL,
  `amount` decimal(15,2) NOT NULL,
  `currency` varchar(255) COLLATE utf8mb4_unicode_ci NOT NULL DEFAULT 'PHP',
  `win_status` varchar(255) COLLATE utf8mb4_unicode_ci DEFAULT 'Pending',
  `status` varchar(255) COLLATE utf8mb4_unicode_ci DEFAULT NULL,
  `created_at` timestamp NULL DEFAULT NULL,
  `updated_at` timestamp NULL DEFAULT NULL,
  `winning_amount` decimal(15,2) DEFAULT '0.00',
  `event_id` bigint(20) unsigned NOT NULL,
  `bet_type_id` bigint(20) unsigned NOT NULL,
  `bet_cost` decimal(15,2) NOT NULL DEFAULT '0.00',
  `amount_paid` decimal(15,2) NOT NULL DEFAULT '0.00',
  `is_paid` tinyint(1) NOT NULL DEFAULT '0',
  PRIMARY KEY (`id`),
  UNIQUE KEY `bets_id_unique` (`id`),
  KEY `bets_user_id_foreign` (`user_id`),
  KEY `bets_event_id_foreign` (`event_id`),
  KEY `bets_bet_type_id_foreign` (`bet_type_id`),
  CONSTRAINT `bets_bet_type_id_foreign` FOREIGN KEY (`bet_type_id`) REFERENCES `bet_types` (`id`),
  CONSTRAINT `bets_event_id_foreign` FOREIGN KEY (`event_id`) REFERENCES `events` (`id`),
  CONSTRAINT `bets_user_id_foreign` FOREIGN KEY (`user_id`) REFERENCES `users` (`id`)
) ENGINE=InnoDB AUTO_INCREMENT=255 DEFAULT CHARSET=utf8mb4 COLLATE=utf8mb4_unicode_ci;
/*!40101 SET character_set_client = @saved_cs_client */;

--
-- Dumping data for table `bets`
--

LOCK TABLES `bets` WRITE;
/*!40000 ALTER TABLE `bets` DISABLE KEYS */;
INSERT INTO `bets` VALUES (103,49,250.00,'PHP','Pending',NULL,'2020-09-22 16:42:47','2020-09-22 16:42:47',0.00,1,1,0.00,0.00,0),(104,49,2.00,'PHP','Pending',NULL,'2020-09-23 13:49:58','2020-09-23 13:49:58',0.00,1,7,0.00,0.00,0),(105,49,2.00,'PHP','Pending',NULL,'2020-09-23 13:50:02','2020-09-23 13:50:02',0.00,1,7,0.00,0.00,0),(106,49,2.00,'PHP','Pending',NULL,'2020-09-23 13:50:07','2020-09-23 13:50:07',0.00,1,7,0.00,0.00,0),(107,49,2.00,'PHP','Pending',NULL,'2020-09-23 13:50:08','2020-09-23 13:50:08',0.00,1,7,0.00,0.00,0),(108,49,2.00,'PHP','Pending',NULL,'2020-09-23 13:50:09','2020-09-23 13:50:09',0.00,1,7,0.00,0.00,0),(109,49,2.00,'PHP','Pending',NULL,'2020-09-23 14:15:19','2020-09-23 14:15:19',0.00,1,1,0.00,0.00,0),(110,49,2.00,'PHP','Pending',NULL,'2020-09-23 14:16:37','2020-09-23 14:16:37',0.00,1,1,0.00,0.00,0),(111,49,2.00,'PHP','Pending',NULL,'2020-09-23 14:16:50','2020-09-23 14:16:50',0.00,1,1,0.00,0.00,0),(112,49,2.00,'PHP','Pending',NULL,'2020-09-23 14:17:00','2020-09-23 14:17:00',0.00,1,1,0.00,0.00,0),(113,49,2.00,'PHP','Pending',NULL,'2020-09-23 14:17:25','2020-09-23 14:17:25',0.00,1,1,0.00,0.00,0),(114,49,2.00,'PHP','Pending',NULL,'2020-09-23 14:17:36','2020-09-23 14:17:36',0.00,1,1,0.00,0.00,0),(115,49,2.00,'PHP','Pending',NULL,'2020-09-23 14:17:50','2020-09-23 14:17:50',0.00,1,1,0.00,0.00,0),(116,49,2.00,'PHP','Pending',NULL,'2020-09-23 14:18:32','2020-09-23 14:18:32',0.00,1,1,0.00,0.00,0),(117,49,2.00,'PHP','Pending',NULL,'2020-09-23 14:18:45','2020-09-23 14:18:45',0.00,1,1,0.00,0.00,0),(118,49,2.00,'PHP','Pending',NULL,'2020-09-23 14:19:04','2020-09-23 14:19:04',0.00,1,1,0.00,0.00,0),(119,49,2.00,'PHP','Pending',NULL,'2020-09-23 14:19:50','2020-09-23 14:19:50',0.00,1,1,0.00,0.00,0),(120,49,2.00,'PHP','Pending',NULL,'2020-09-23 14:30:16','2020-09-23 14:30:16',0.00,1,1,0.00,0.00,0),(121,49,2.00,'PHP','Pending',NULL,'2020-09-23 14:31:52','2020-09-23 14:31:52',0.00,1,1,0.00,0.00,0),(122,49,2.00,'PHP','Pending',NULL,'2020-09-23 14:32:50','2020-09-23 14:32:50',0.00,1,1,0.00,0.00,0),(123,49,2.00,'PHP','Pending',NULL,'2020-09-23 14:34:55','2020-09-23 14:34:55',0.00,1,1,0.00,0.00,0),(124,49,2.00,'PHP','Pending',NULL,'2020-09-23 14:36:04','2020-09-23 14:36:04',0.00,1,1,0.00,0.00,0),(125,49,2.00,'PHP','Pending',NULL,'2020-09-23 14:41:52','2020-09-23 14:41:52',0.00,1,1,0.00,0.00,0),(126,49,2.00,'PHP','Pending',NULL,'2020-09-23 14:41:59','2020-09-23 14:41:59',0.00,1,1,0.00,0.00,0),(127,49,2.00,'PHP','Pending',NULL,'2020-09-23 14:42:31','2020-09-23 14:42:31',0.00,1,1,0.00,0.00,0),(128,49,2.00,'PHP','Pending',NULL,'2020-09-23 14:44:24','2020-09-23 14:44:24',0.00,1,1,0.00,0.00,0),(129,49,2.00,'PHP','Pending',NULL,'2020-09-23 14:45:33','2020-09-23 14:45:33',0.00,1,1,0.00,0.00,0),(130,49,2.00,'PHP','Pending',NULL,'2020-09-23 14:45:41','2020-09-23 14:45:41',0.00,1,1,0.00,0.00,0),(131,49,2.00,'PHP','Pending',NULL,'2020-09-23 14:55:35','2020-09-23 14:55:35',0.00,1,7,0.00,0.00,0),(132,49,2.00,'PHP','Pending',NULL,'2020-09-23 14:55:53','2020-09-23 14:55:53',0.00,1,7,0.00,0.00,0),(133,49,2.00,'PHP','Pending',NULL,'2020-09-23 15:23:51','2020-09-23 15:23:51',0.00,1,7,0.00,0.00,0),(134,49,2.00,'PHP','Pending',NULL,'2020-09-23 15:24:05','2020-09-23 15:24:05',0.00,1,7,0.00,0.00,0),(135,49,2.00,'PHP','Pending',NULL,'2020-09-23 16:32:46','2020-09-23 16:32:46',0.00,1,7,0.00,0.00,0),(136,49,2.00,'PHP','Pending',NULL,'2020-09-23 16:32:55','2020-09-23 16:32:55',0.00,1,7,0.00,0.00,0),(137,49,2.00,'PHP','Pending',NULL,'2020-09-23 16:33:27','2020-09-23 16:33:27',0.00,1,7,0.00,0.00,0),(138,49,2.00,'PHP','Pending',NULL,'2020-09-23 16:33:57','2020-09-23 16:33:57',0.00,1,7,0.00,0.00,0),(139,49,2.00,'PHP','Pending',NULL,'2020-09-23 16:33:58','2020-09-23 16:33:58',0.00,1,7,0.00,0.00,0),(140,49,2.00,'PHP','Pending',NULL,'2020-09-23 16:34:17','2020-09-23 16:34:17',0.00,1,7,0.00,0.00,0),(141,49,2.00,'PHP','Pending',NULL,'2020-09-23 16:34:20','2020-09-23 16:34:20',0.00,1,7,0.00,0.00,0),(142,49,2.00,'PHP','Pending',NULL,'2020-09-23 16:34:23','2020-09-23 16:34:23',0.00,1,7,0.00,0.00,0),(143,49,2.00,'PHP','Pending',NULL,'2020-09-23 16:34:23','2020-09-23 16:34:23',0.00,1,7,0.00,0.00,0),(144,49,2.00,'PHP','Pending',NULL,'2020-09-23 16:34:24','2020-09-23 16:34:24',0.00,1,7,0.00,0.00,0),(145,49,2.00,'PHP','Pending',NULL,'2020-09-23 16:34:24','2020-09-23 16:34:24',0.00,1,7,0.00,0.00,0),(146,49,2.00,'PHP','Pending',NULL,'2020-09-23 16:34:24','2020-09-23 16:34:24',0.00,1,7,0.00,0.00,0),(147,49,2.00,'PHP','Pending',NULL,'2020-09-23 16:34:24','2020-09-23 16:34:24',0.00,1,7,0.00,0.00,0),(148,49,2.00,'PHP','Pending',NULL,'2020-09-23 16:36:14','2020-09-23 16:36:14',0.00,1,7,0.00,0.00,0),(149,49,2.00,'PHP','Pending',NULL,'2020-09-23 16:36:16','2020-09-23 16:36:16',0.00,1,7,0.00,0.00,0),(150,49,2.00,'PHP','Pending',NULL,'2020-09-23 16:36:16','2020-09-23 16:36:16',0.00,1,7,0.00,0.00,0),(151,49,2.00,'PHP','Pending',NULL,'2020-09-23 16:36:16','2020-09-23 16:36:16',0.00,1,7,0.00,0.00,0),(152,49,2.00,'PHP','Pending',NULL,'2020-09-23 16:36:38','2020-09-23 16:36:38',0.00,1,7,0.00,0.00,0),(153,49,2.00,'PHP','Pending',NULL,'2020-09-23 16:38:18','2020-09-23 16:38:18',0.00,1,7,0.00,0.00,0),(154,49,2.00,'PHP','Pending',NULL,'2020-09-23 16:38:29','2020-09-23 16:38:29',0.00,1,7,0.00,0.00,0),(155,49,2.00,'PHP','Pending',NULL,'2020-09-24 04:57:41','2020-09-24 04:57:41',0.00,1,7,0.00,0.00,0),(156,49,2.00,'PHP','Pending',NULL,'2020-09-24 04:57:50','2020-09-24 04:57:50',0.00,1,7,0.00,0.00,0),(157,49,2.00,'PHP','Pending',NULL,'2020-09-24 04:58:55','2020-09-24 04:58:55',0.00,1,7,0.00,0.00,0),(158,49,2.00,'PHP','Pending',NULL,'2020-09-24 05:01:41','2020-09-24 05:01:41',0.00,1,7,0.00,0.00,0),(159,49,2.00,'PHP','Pending',NULL,'2020-09-24 05:01:57','2020-09-24 05:01:57',0.00,1,7,0.00,0.00,0),(160,49,2.00,'PHP','Pending',NULL,'2020-09-24 05:02:18','2020-09-24 05:02:18',0.00,1,7,0.00,0.00,0),(161,49,2.00,'PHP','Pending',NULL,'2020-09-24 05:02:26','2020-09-24 05:02:26',0.00,1,7,0.00,0.00,0),(162,49,2.00,'PHP','Pending',NULL,'2020-09-24 05:02:47','2020-09-24 05:02:47',0.00,1,7,0.00,0.00,0),(163,49,2.00,'PHP','Pending',NULL,'2020-09-24 05:03:29','2020-09-24 05:03:29',0.00,1,7,0.00,0.00,0),(164,49,2.00,'PHP','Pending',NULL,'2020-09-24 05:03:30','2020-09-24 05:03:30',0.00,1,7,0.00,0.00,0),(165,49,2.00,'PHP','Pending',NULL,'2020-09-24 05:03:30','2020-09-24 05:03:30',0.00,1,7,0.00,0.00,0),(166,49,2.00,'PHP','Pending',NULL,'2020-09-24 05:03:48','2020-09-24 05:03:48',0.00,1,7,0.00,0.00,0),(167,49,2.00,'PHP','Pending',NULL,'2020-09-24 05:03:56','2020-09-24 05:03:56',0.00,1,7,0.00,0.00,0),(168,49,2.00,'PHP','Pending',NULL,'2020-09-24 05:04:11','2020-09-24 05:04:11',0.00,1,7,0.00,0.00,0),(169,49,2.00,'PHP','Pending',NULL,'2020-09-24 05:04:16','2020-09-24 05:04:16',0.00,1,7,0.00,0.00,0),(170,49,2.00,'PHP','Pending',NULL,'2020-09-24 05:04:19','2020-09-24 05:04:19',0.00,1,7,0.00,0.00,0),(171,49,2.00,'PHP','Pending',NULL,'2020-09-24 05:04:43','2020-09-24 05:04:43',0.00,1,7,0.00,0.00,0),(172,49,2.00,'PHP','Pending',NULL,'2020-09-24 05:04:46','2020-09-24 05:04:46',0.00,1,7,0.00,0.00,0),(173,49,2.00,'PHP','Pending',NULL,'2020-09-24 05:05:10','2020-09-24 05:05:10',0.00,1,7,0.00,0.00,0),(174,49,2.00,'PHP','Pending',NULL,'2020-09-24 05:05:20','2020-09-24 05:05:20',0.00,1,7,0.00,0.00,0),(175,49,2.00,'PHP','Pending',NULL,'2020-09-24 05:07:41','2020-09-24 05:07:41',0.00,1,7,0.00,0.00,0),(176,49,2.00,'PHP','Pending',NULL,'2020-09-24 05:09:06','2020-09-24 05:09:06',0.00,1,7,0.00,0.00,0),(177,49,2.00,'PHP','Pending',NULL,'2020-09-24 05:09:12','2020-09-24 05:09:12',0.00,1,7,0.00,0.00,0),(178,49,2.00,'PHP','Pending',NULL,'2020-09-24 05:10:56','2020-09-24 05:10:56',0.00,1,7,0.00,0.00,0),(179,49,2.00,'PHP','Pending',NULL,'2020-09-24 05:10:57','2020-09-24 05:10:57',0.00,1,7,0.00,0.00,0),(180,49,2.00,'PHP','Pending',NULL,'2020-09-24 05:11:06','2020-09-24 05:11:06',0.00,1,7,0.00,0.00,0),(181,49,2.00,'PHP','Pending',NULL,'2020-09-24 05:13:49','2020-09-24 05:13:49',0.00,1,1,6.00,0.00,0),(182,49,2.00,'PHP','Pending',NULL,'2020-09-24 05:13:56','2020-09-24 05:13:56',0.00,1,1,0.00,0.00,0),(183,49,25.00,'PHP','Pending',NULL,'2020-09-24 05:14:03','2020-09-24 05:14:03',0.00,1,1,0.00,0.00,0),(184,49,2.00,'PHP','Pending',NULL,'2020-09-24 05:14:07','2020-09-24 05:14:07',0.00,1,1,0.00,0.00,0),(185,49,2.00,'PHP','Pending',NULL,'2020-09-24 05:15:02','2020-09-24 05:15:02',0.00,1,7,72.00,0.00,0),(186,49,2.00,'PHP','Pending',NULL,'2020-09-24 09:06:19','2020-09-24 09:06:19',0.00,1,7,72.00,0.00,0),(187,49,2.00,'PHP','Pending',NULL,'2020-09-24 09:15:43','2020-09-24 09:15:43',0.00,1,1,4.00,0.00,0),(188,49,2.00,'PHP','Pending',NULL,'2020-09-24 09:24:47','2020-09-24 09:24:47',0.00,1,1,2.00,0.00,0),(189,49,2.00,'PHP','Pending',NULL,'2020-09-24 09:24:49','2020-09-24 09:24:49',0.00,1,1,2.00,0.00,0),(190,49,2.00,'PHP','Pending',NULL,'2020-09-24 09:24:50','2020-09-24 09:24:50',0.00,1,1,2.00,0.00,0),(191,49,2.00,'PHP','Pending',NULL,'2020-09-24 09:47:20','2020-09-24 09:47:20',0.00,1,1,2.00,0.00,0),(192,49,2.00,'PHP','Pending',NULL,'2020-09-24 09:50:43','2020-09-24 09:50:43',0.00,1,1,2.00,0.00,0),(193,49,2.00,'PHP','Pending',NULL,'2020-09-24 09:52:15','2020-09-24 11:41:16',0.00,1,1,2.00,2.00,1),(194,49,2.00,'PHP','Pending',NULL,'2020-09-24 09:58:05','2020-09-24 09:58:05',0.00,1,1,2.00,0.00,0),(195,49,2.00,'PHP','Pending',NULL,'2020-09-24 09:58:28','2020-09-24 09:58:28',0.00,1,1,2.00,0.00,0),(196,49,2.00,'PHP','Pending',NULL,'2020-09-24 09:58:51','2020-09-24 09:58:51',0.00,1,1,2.00,0.00,0),(197,49,2.00,'PHP','Pending',NULL,'2020-09-24 09:59:22','2020-09-24 09:59:22',0.00,1,1,2.00,0.00,0),(198,49,2.00,'PHP','Pending',NULL,'2020-09-24 09:59:41','2020-09-24 09:59:41',0.00,1,1,2.00,0.00,0),(199,49,2.00,'PHP','Pending',NULL,'2020-09-24 10:00:29','2020-09-24 10:00:29',0.00,1,1,2.00,0.00,0),(200,49,2.00,'PHP','Pending',NULL,'2020-09-24 10:01:32','2020-09-24 10:01:32',0.00,1,1,2.00,0.00,0),(201,49,2.00,'PHP','Pending',NULL,'2020-09-24 10:04:49','2020-09-24 10:04:49',0.00,1,1,2.00,0.00,0),(202,49,2.00,'PHP','Pending',NULL,'2020-09-24 10:05:24','2020-09-24 10:05:24',0.00,1,1,2.00,0.00,0),(203,49,2.00,'PHP','Pending',NULL,'2020-09-24 10:05:26','2020-09-24 10:05:26',0.00,1,1,2.00,0.00,0),(204,49,2.00,'PHP','Pending',NULL,'2020-09-24 10:05:47','2020-09-24 10:05:47',0.00,1,1,2.00,0.00,0),(205,49,2.00,'PHP','Pending',NULL,'2020-09-24 10:07:53','2020-09-24 10:07:53',0.00,1,1,2.00,0.00,0),(206,49,2.00,'PHP','Pending',NULL,'2020-09-24 10:32:25','2020-09-24 10:32:25',0.00,1,1,6.00,0.00,0),(207,49,2.00,'PHP','Pending',NULL,'2020-09-24 10:32:29','2020-09-24 10:32:29',0.00,1,1,8.00,0.00,0),(208,49,2.00,'PHP','Pending',NULL,'2020-09-24 10:32:32','2020-09-24 10:32:32',0.00,1,1,8.00,0.00,0),(209,49,2.00,'PHP','Pending',NULL,'2020-09-24 10:33:02','2020-09-24 10:33:02',0.00,1,1,2.00,0.00,0),(210,49,2.00,'PHP','Pending',NULL,'2020-09-24 10:38:10','2020-09-24 10:38:10',0.00,1,1,2.00,0.00,0),(211,49,2.00,'PHP','Pending',NULL,'2020-09-24 10:39:20','2020-09-24 10:39:20',0.00,1,1,2.00,0.00,0),(212,49,2.00,'PHP','Pending',NULL,'2020-09-24 10:40:17','2020-09-24 10:40:17',0.00,1,1,2.00,0.00,0),(213,49,2.00,'PHP','Pending',NULL,'2020-09-24 10:41:41','2020-09-24 10:41:41',0.00,1,1,2.00,0.00,0),(214,49,2.00,'PHP','Pending',NULL,'2020-09-24 10:42:24','2020-09-24 10:42:24',0.00,1,1,2.00,0.00,0),(215,49,2.00,'PHP','Pending',NULL,'2020-09-24 10:42:58','2020-09-24 10:42:58',0.00,1,1,10.00,0.00,0),(216,49,2.00,'PHP','Pending',NULL,'2020-09-24 10:44:20','2020-09-24 10:44:20',0.00,1,1,6.00,0.00,0),(217,49,2.00,'PHP','Pending',NULL,'2020-09-24 10:44:37','2020-09-24 10:44:37',0.00,1,1,2.00,0.00,0),(218,49,2.00,'PHP','Pending',NULL,'2020-09-24 10:47:47','2020-09-24 10:47:47',0.00,1,1,2.00,0.00,0),(219,49,2.00,'PHP','Pending',NULL,'2020-09-24 10:48:03','2020-09-24 10:48:03',0.00,1,1,2.00,0.00,0),(220,49,2.00,'PHP','Pending',NULL,'2020-09-24 10:48:43','2020-09-24 10:48:43',0.00,1,1,2.00,0.00,0),(221,49,2.00,'PHP','Pending',NULL,'2020-09-24 10:50:26','2020-09-24 10:50:26',0.00,1,1,2.00,0.00,0),(222,49,2.00,'PHP','Pending',NULL,'2020-09-24 10:51:41','2020-09-24 10:51:41',0.00,1,1,2.00,0.00,0),(223,49,2.00,'PHP','Pending',NULL,'2020-09-24 10:52:30','2020-09-24 10:52:30',0.00,1,1,2.00,0.00,0),(224,49,2.00,'PHP','Pending',NULL,'2020-09-24 10:52:34','2020-09-24 10:52:34',0.00,1,1,6.00,0.00,0),(225,49,2.00,'PHP','Pending',NULL,'2020-09-24 10:52:38','2020-09-24 10:52:38',0.00,1,1,8.00,0.00,0),(226,49,2.00,'PHP','Pending',NULL,'2020-09-24 10:53:02','2020-09-24 10:53:02',0.00,1,7,2.00,0.00,0),(227,49,2.00,'PHP','Pending',NULL,'2020-09-24 10:54:42','2020-09-24 10:54:42',0.00,1,1,2.00,0.00,0),(228,49,2.00,'PHP','Pending',NULL,'2020-09-24 10:56:17','2020-09-24 10:56:17',0.00,1,1,2.00,0.00,0),(229,49,2.00,'PHP','Pending',NULL,'2020-09-24 10:56:38','2020-09-24 10:56:38',0.00,1,1,2.00,0.00,0),(230,49,2.00,'PHP','Pending',NULL,'2020-09-24 10:57:18','2020-09-24 10:57:18',0.00,1,1,2.00,0.00,0),(231,49,2.00,'PHP','Pending',NULL,'2020-09-24 10:58:32','2020-09-24 10:58:32',0.00,1,1,2.00,0.00,0),(232,49,2.00,'PHP','Pending',NULL,'2020-09-24 10:58:36','2020-09-24 10:58:36',0.00,1,1,4.00,0.00,0),(233,49,2.00,'PHP','Pending',NULL,'2020-09-24 11:41:56','2020-09-24 11:41:56',0.00,1,1,2.00,0.00,0),(234,49,2.00,'PHP','Pending',NULL,'2020-09-24 11:42:49','2020-09-24 11:42:49',0.00,1,1,2.00,0.00,0),(235,49,25.00,'PHP','Pending',NULL,'2020-09-24 11:43:20','2020-09-24 11:43:20',0.00,1,1,25.00,0.00,0),(236,49,2.00,'PHP','Pending',NULL,'2020-09-24 11:44:18','2020-09-24 11:44:18',0.00,1,1,2.00,0.00,0),(237,49,2.00,'PHP','Pending',NULL,'2020-09-24 11:44:33','2020-09-24 11:44:33',0.00,1,1,2.00,0.00,0),(238,49,2.00,'PHP','Pending',NULL,'2020-09-24 11:45:02','2020-09-24 11:45:02',0.00,1,1,2.00,0.00,0),(239,49,2.00,'PHP','Pending',NULL,'2020-09-24 11:45:53','2020-09-24 11:45:59',0.00,1,7,4.00,4.00,1),(240,49,2.00,'PHP','Pending',NULL,'2020-09-24 11:48:39','2020-09-24 11:48:40',0.00,1,1,2.00,2.00,1),(241,49,2.00,'PHP','Pending',NULL,'2020-09-24 11:49:33','2020-09-24 11:49:35',0.00,1,1,2.00,2.00,1),(242,49,2.00,'PHP','Pending',NULL,'2020-09-24 12:08:57','2020-09-24 12:08:58',0.00,1,1,2.00,2.00,1),(243,49,25.00,'PHP','Pending',NULL,'2020-09-24 12:09:09','2020-09-24 12:09:10',0.00,1,1,25.00,25.00,1),(244,49,2.00,'PHP','Pending',NULL,'2020-09-24 12:09:15','2020-09-24 12:09:17',0.00,1,1,2.00,2.00,1),(245,49,2.00,'PHP','Pending',NULL,'2020-09-24 13:59:42','2020-09-24 13:59:47',0.00,1,17,8.00,8.00,1),(246,49,2.00,'PHP','Pending',NULL,'2020-09-24 14:00:27','2020-09-24 14:00:30',0.00,1,17,6.00,6.00,1),(247,49,2.00,'PHP','Pending',NULL,'2020-09-24 14:01:10','2020-09-24 14:01:10',0.00,1,2,4.00,0.00,0),(248,49,2.00,'PHP','Pending',NULL,'2020-09-24 14:01:18','2020-09-24 14:01:26',0.00,1,2,4.00,4.00,1),(249,49,2.00,'PHP','Pending',NULL,'2020-09-24 14:12:54','2020-09-24 14:13:05',0.00,1,12,8.00,8.00,1),(250,49,2.00,'PHP','Pending',NULL,'2020-09-24 14:15:07','2020-09-24 14:15:07',0.00,1,1,2.00,0.00,0),(251,49,2.00,'PHP','Pending',NULL,'2020-09-24 14:15:15','2020-09-24 14:15:15',0.00,1,1,2.00,0.00,0),(252,49,2.00,'PHP','Pending',NULL,'2020-09-24 14:15:31','2020-09-24 14:15:31',0.00,1,1,2.00,0.00,0),(253,49,2.00,'PHP','Pending',NULL,'2020-09-24 14:15:34','2020-09-24 14:15:36',0.00,1,1,2.00,2.00,1),(254,49,25.00,'PHP','Pending',NULL,'2020-09-24 14:33:40','2020-09-24 14:33:42',0.00,1,1,25.00,25.00,1);
/*!40000 ALTER TABLE `bets` ENABLE KEYS */;
UNLOCK TABLES;

--
-- Table structure for table `claim_requests`
--

DROP TABLE IF EXISTS `claim_requests`;
/*!40101 SET @saved_cs_client     = @@character_set_client */;
/*!50503 SET character_set_client = utf8mb4 */;
CREATE TABLE `claim_requests` (
  `id` bigint(20) unsigned NOT NULL AUTO_INCREMENT,
  `user_id` int(10) unsigned NOT NULL,
  `account_name` varchar(255) COLLATE utf8mb4_unicode_ci NOT NULL,
  `account_number` varchar(255) COLLATE utf8mb4_unicode_ci NOT NULL,
  `email` varchar(255) COLLATE utf8mb4_unicode_ci NOT NULL,
  `is_processed` tinyint(1) NOT NULL DEFAULT '0',
  `status` varchar(255) COLLATE utf8mb4_unicode_ci NOT NULL DEFAULT 'requested',
  `created_at` timestamp NULL DEFAULT NULL,
  `updated_at` timestamp NULL DEFAULT NULL,
  PRIMARY KEY (`id`)
) ENGINE=InnoDB DEFAULT CHARSET=utf8mb4 COLLATE=utf8mb4_unicode_ci;
/*!40101 SET character_set_client = @saved_cs_client */;

--
-- Dumping data for table `claim_requests`
--

LOCK TABLES `claim_requests` WRITE;
/*!40000 ALTER TABLE `claim_requests` DISABLE KEYS */;
/*!40000 ALTER TABLE `claim_requests` ENABLE KEYS */;
UNLOCK TABLES;

--
-- Table structure for table `events`
--

DROP TABLE IF EXISTS `events`;
/*!40101 SET @saved_cs_client     = @@character_set_client */;
/*!50503 SET character_set_client = utf8mb4 */;
CREATE TABLE `events` (
  `id` bigint(20) unsigned NOT NULL AUTO_INCREMENT,
  `name` varchar(255) COLLATE utf8mb4_unicode_ci NOT NULL,
  `description` varchar(255) COLLATE utf8mb4_unicode_ci DEFAULT NULL,
  `created_at` timestamp NULL DEFAULT NULL,
  `updated_at` timestamp NULL DEFAULT NULL,
  PRIMARY KEY (`id`)
) ENGINE=InnoDB AUTO_INCREMENT=4 DEFAULT CHARSET=utf8mb4 COLLATE=utf8mb4_unicode_ci;
/*!40101 SET character_set_client = @saved_cs_client */;

--
-- Dumping data for table `events`
--

LOCK TABLES `events` WRITE;
/*!40000 ALTER TABLE `events` DISABLE KEYS */;
INSERT INTO `events` VALUES (1,'STA. MESA','Description 1','2020-09-16 11:36:10','2020-09-16 11:36:10'),(2,'Carmona','Description 2','2020-09-16 11:36:10','2020-09-16 11:36:10'),(3,'STA. ANA','Description 3','2020-09-16 11:36:10','2020-09-16 11:36:10');
/*!40000 ALTER TABLE `events` ENABLE KEYS */;
UNLOCK TABLES;

--
-- Table structure for table `failed_jobs`
--

DROP TABLE IF EXISTS `failed_jobs`;
/*!40101 SET @saved_cs_client     = @@character_set_client */;
/*!50503 SET character_set_client = utf8mb4 */;
CREATE TABLE `failed_jobs` (
  `id` bigint(20) unsigned NOT NULL AUTO_INCREMENT,
  `connection` text COLLATE utf8mb4_unicode_ci NOT NULL,
  `queue` text COLLATE utf8mb4_unicode_ci NOT NULL,
  `payload` longtext COLLATE utf8mb4_unicode_ci NOT NULL,
  `exception` longtext COLLATE utf8mb4_unicode_ci NOT NULL,
  `failed_at` timestamp NOT NULL DEFAULT CURRENT_TIMESTAMP,
  PRIMARY KEY (`id`)
) ENGINE=InnoDB DEFAULT CHARSET=utf8mb4 COLLATE=utf8mb4_unicode_ci;
/*!40101 SET character_set_client = @saved_cs_client */;

--
-- Dumping data for table `failed_jobs`
--

LOCK TABLES `failed_jobs` WRITE;
/*!40000 ALTER TABLE `failed_jobs` DISABLE KEYS */;
/*!40000 ALTER TABLE `failed_jobs` ENABLE KEYS */;
UNLOCK TABLES;

--
-- Table structure for table `game_horse`
--

DROP TABLE IF EXISTS `game_horse`;
/*!40101 SET @saved_cs_client     = @@character_set_client */;
/*!50503 SET character_set_client = utf8mb4 */;
CREATE TABLE `game_horse` (
  `id` int(10) unsigned NOT NULL AUTO_INCREMENT,
  `game_id` bigint(20) unsigned NOT NULL,
  `horse_id` bigint(20) unsigned NOT NULL,
  `horse_no` int(11) DEFAULT NULL,
  `status` varchar(255) COLLATE utf8mb4_unicode_ci NOT NULL DEFAULT 'active',
  PRIMARY KEY (`id`),
  KEY `game_horse_game_id_foreign` (`game_id`),
  KEY `game_horse_horse_id_foreign` (`horse_id`),
  CONSTRAINT `game_horse_game_id_foreign` FOREIGN KEY (`game_id`) REFERENCES `games` (`id`),
  CONSTRAINT `game_horse_horse_id_foreign` FOREIGN KEY (`horse_id`) REFERENCES `horses` (`id`)
) ENGINE=InnoDB AUTO_INCREMENT=72 DEFAULT CHARSET=utf8mb4 COLLATE=utf8mb4_unicode_ci;
/*!40101 SET character_set_client = @saved_cs_client */;

--
-- Dumping data for table `game_horse`
--

LOCK TABLES `game_horse` WRITE;
/*!40000 ALTER TABLE `game_horse` DISABLE KEYS */;
INSERT INTO `game_horse` VALUES (1,1,1,1,'scratched'),(2,1,2,2,'active'),(3,1,3,3,'active'),(4,1,4,4,'active'),(5,1,5,5,'active'),(6,1,6,6,'active'),(7,2,1,1,'scratched'),(8,2,4,2,'active'),(9,2,3,3,'active'),(10,2,8,4,'active'),(11,2,7,5,'active'),(27,3,1,1,'active'),(28,3,4,2,'active'),(29,3,3,3,'active'),(30,3,8,4,'active'),(31,3,7,5,'active'),(32,4,1,1,'active'),(33,4,4,2,'active'),(34,4,3,3,'active'),(35,4,8,4,'active'),(36,4,7,5,'active'),(37,5,1,1,'active'),(38,5,4,2,'active'),(39,5,3,3,'active'),(40,5,8,4,'active'),(41,5,7,5,'active'),(62,11,1,1,'active'),(63,11,4,2,'active'),(64,11,3,3,'active'),(65,11,8,4,'active'),(66,11,7,5,'active'),(67,12,1,1,'active'),(68,12,4,2,'active'),(69,12,3,3,'active'),(70,12,8,4,'active'),(71,12,7,5,'active');
/*!40000 ALTER TABLE `game_horse` ENABLE KEYS */;
UNLOCK TABLES;

--
-- Table structure for table `games`
--

DROP TABLE IF EXISTS `games`;
/*!40101 SET @saved_cs_client     = @@character_set_client */;
/*!50503 SET character_set_client = utf8mb4 */;
CREATE TABLE `games` (
  `id` bigint(20) unsigned NOT NULL AUTO_INCREMENT,
  `name` varchar(100) COLLATE utf8mb4_unicode_ci NOT NULL,
  `description` text COLLATE utf8mb4_unicode_ci,
  `start` datetime NOT NULL,
  `end` datetime DEFAULT NULL,
  `timezone` varchar(255) COLLATE utf8mb4_unicode_ci NOT NULL,
  `generate_winners_lock` tinyint(1) NOT NULL DEFAULT '0',
  `other_information` json DEFAULT NULL,
  `image` text COLLATE utf8mb4_unicode_ci,
  `livestream_url` text COLLATE utf8mb4_unicode_ci,
  `status` varchar(255) COLLATE utf8mb4_unicode_ci DEFAULT NULL,
  `bet_types` json DEFAULT NULL,
  `odd_types` json DEFAULT NULL,
  `created_at` timestamp NULL DEFAULT NULL,
  `updated_at` timestamp NULL DEFAULT NULL,
  `event_id` bigint(20) unsigned DEFAULT NULL,
  `game_number` int(11) NOT NULL,
  `replay_url` text COLLATE utf8mb4_unicode_ci,
  `allow_bet` tinyint(1) NOT NULL DEFAULT '1',
  `display_bet_closing_message` tinyint(1) NOT NULL DEFAULT '0',
  PRIMARY KEY (`id`),
  KEY `games_event_id_foreign` (`event_id`),
  CONSTRAINT `games_event_id_foreign` FOREIGN KEY (`event_id`) REFERENCES `events` (`id`)
) ENGINE=InnoDB AUTO_INCREMENT=13 DEFAULT CHARSET=utf8mb4 COLLATE=utf8mb4_unicode_ci;
/*!40101 SET character_set_client = @saved_cs_client */;

--
-- Dumping data for table `games`
--

LOCK TABLES `games` WRITE;
/*!40000 ALTER TABLE `games` DISABLE KEYS */;
INSERT INTO `games` VALUES (1,'R1',NULL,'2020-09-24 23:30:00',NULL,'PHT',0,NULL,NULL,NULL,'pending',NULL,NULL,'2020-09-16 12:11:27','2020-09-16 12:11:27',1,1,'https://www.youtube.com/watch?v=VMAk1_bcv90&ab_channel=NBCSports',1,0),(2,'R2',NULL,'2020-09-24 23:55:00',NULL,'PHT',0,NULL,NULL,NULL,'pending',NULL,NULL,'2020-09-16 12:12:05','2020-09-16 12:12:05',1,2,NULL,1,0),(3,'R3',NULL,'2020-09-24 23:55:00',NULL,'PHT',0,NULL,NULL,NULL,'pending',NULL,NULL,'2020-09-16 12:12:05','2020-09-16 12:12:05',1,3,NULL,1,0),(4,'R4',NULL,'2020-09-24 23:55:00',NULL,'PHT',0,NULL,NULL,NULL,'pending',NULL,NULL,'2020-09-16 12:12:05','2020-09-16 12:12:05',1,4,NULL,1,0),(5,'R5',NULL,'2020-09-24 23:55:00',NULL,'PHT',0,NULL,NULL,NULL,'pending',NULL,NULL,'2020-09-16 12:12:05','2020-09-16 12:12:05',1,5,NULL,1,0),(11,'R6',NULL,'2020-09-24 23:55:00',NULL,'PHT',0,NULL,NULL,NULL,'pending',NULL,NULL,'2020-09-16 12:12:05','2020-09-16 12:12:05',1,6,NULL,1,0),(12,'R7',NULL,'2020-09-24 23:55:00',NULL,'PHT',0,NULL,NULL,NULL,'pending',NULL,NULL,'2020-09-16 12:12:05','2020-09-16 12:12:05',1,7,NULL,1,0);
/*!40000 ALTER TABLE `games` ENABLE KEYS */;
UNLOCK TABLES;

--
-- Table structure for table `horse_images`
--

DROP TABLE IF EXISTS `horse_images`;
/*!40101 SET @saved_cs_client     = @@character_set_client */;
/*!50503 SET character_set_client = utf8mb4 */;
CREATE TABLE `horse_images` (
  `id` bigint(20) unsigned NOT NULL AUTO_INCREMENT,
  `horse_id` bigint(20) unsigned NOT NULL,
  `image_path` text COLLATE utf8mb4_unicode_ci NOT NULL,
  `created_at` timestamp NULL DEFAULT NULL,
  `updated_at` timestamp NULL DEFAULT NULL,
  PRIMARY KEY (`id`),
  KEY `horse_images_horse_id_foreign` (`horse_id`),
  CONSTRAINT `horse_images_horse_id_foreign` FOREIGN KEY (`horse_id`) REFERENCES `horses` (`id`)
) ENGINE=InnoDB DEFAULT CHARSET=utf8mb4 COLLATE=utf8mb4_unicode_ci;
/*!40101 SET character_set_client = @saved_cs_client */;

--
-- Dumping data for table `horse_images`
--

LOCK TABLES `horse_images` WRITE;
/*!40000 ALTER TABLE `horse_images` DISABLE KEYS */;
/*!40000 ALTER TABLE `horse_images` ENABLE KEYS */;
UNLOCK TABLES;

--
-- Table structure for table `horses`
--

DROP TABLE IF EXISTS `horses`;
/*!40101 SET @saved_cs_client     = @@character_set_client */;
/*!50503 SET character_set_client = utf8mb4 */;
CREATE TABLE `horses` (
  `id` bigint(20) unsigned NOT NULL AUTO_INCREMENT,
  `name` varchar(255) COLLATE utf8mb4_unicode_ci NOT NULL,
  `description` text COLLATE utf8mb4_unicode_ci,
  `statistics` json DEFAULT NULL,
  `created_at` timestamp NULL DEFAULT NULL,
  `updated_at` timestamp NULL DEFAULT NULL,
  `sire` varchar(255) COLLATE utf8mb4_unicode_ci DEFAULT NULL,
  `dam` varchar(255) COLLATE utf8mb4_unicode_ci DEFAULT NULL,
  `trainer` varchar(255) COLLATE utf8mb4_unicode_ci DEFAULT NULL,
  `owner` varchar(255) COLLATE utf8mb4_unicode_ci DEFAULT NULL,
  `total_prize_money` varchar(255) COLLATE utf8mb4_unicode_ci DEFAULT NULL,
  `wins` varchar(255) COLLATE utf8mb4_unicode_ci DEFAULT NULL,
  `intro` text COLLATE utf8mb4_unicode_ci,
  `career` varchar(255) COLLATE utf8mb4_unicode_ci DEFAULT NULL,
  `logo` text COLLATE utf8mb4_unicode_ci,
  PRIMARY KEY (`id`)
) ENGINE=InnoDB AUTO_INCREMENT=9 DEFAULT CHARSET=utf8mb4 COLLATE=utf8mb4_unicode_ci;
/*!40101 SET character_set_client = @saved_cs_client */;

--
-- Dumping data for table `horses`
--

LOCK TABLES `horses` WRITE;
/*!40000 ALTER TABLE `horses` DISABLE KEYS */;
INSERT INTO `horses` VALUES (1,'A SHIN MARCHING','3yo DK B Filly',NULL,'2020-09-16 11:36:10','2020-09-16 11:36:10','Eishin Flash (JPN) 2007','Massillon Girl (USA) 2003 [By With Approval (CAN) 1986]','Yasuyuki Takahashi','Eishindo Co. Ltd.','Japan : JPY ¥366,000','1400m (1)','A Shin Marching is a thoroughbred horse born in Japan in 2017. Race horse A Shin Marching is by Eishin Flash (JPN) out of Massillon Girl (USA) , trained by Yasuyuki Takahashi. A Shin Marching form is available here. Owned by Eishindo Co. Ltd..','1 Win (11%) - No Places (11%) - 9 starts',NULL),(2,'ABRACADAZZLE','3yo B Filly',NULL,'2020-09-16 11:36:10','2020-09-16 11:36:10','Sizzling (AUS) 2009','	Abracadash (AUS) 2011 [By Magic Albert (AUS) 1998]','Tony Gollan','Mrs D M Power & Mrs L K Barton','AUD $21,200','1400m (1)','Abracadazzle is a thoroughbred horse born in Australia in 2017. Race horse Abracadazzle is by Sizzling (AUS) out of Abracadash (AUS) , trained by Tony Gollan. Abracadazzle form is available here. Owned by Mrs D M Power & Mrs L K Barton.','1 Win (33%) - No Places (33%) - 3 starts',NULL),(3,'LUCKY IMAGINATION','3yo GR/RO Filly',NULL,'2020-09-16 11:36:10','2020-09-16 11:36:10','Imagining (USA) 2008','Lucky Chick (USA)2000 [By Two Punch (USA) 1983]','Patricia Farro','Vaccaro Racing Stable & Patricia Farro','AUD $43,970','1408m (1)','Lucky Imagination is a thoroughbred horse born in United States of America in 2017. Race horse Lucky Imagination is by Imagining (USA) out of Lucky Chick (USA) , trained by Patricia Farro. Lucky Imagination form is available here. Owned by VACCARO RACING STABLE & PATRICIA FARRO.','1 Win (33%) - No Places (33%) - 3 starts',NULL),(4,'MAMA\'S COFFEE','2yo B Filly',NULL,'2020-09-16 11:36:10','2020-09-16 11:36:10','Casino Drive (USA) 2005','Mama\'s Dish (JPN) 2007','Noboru Yonekawa','Noboru Yonekawa','AUD $12,846','1200m (1)','Mama\'s Coffee is a thoroughbred horse born in Japan in 2018. Race horse Mama\'s Coffee is by Casino Drive (USA) out of Mama\'s Dish (JPN) , trained by Noboru Yonekawa. Mama\'s Coffee form is available here. Owned by .','1 Win (33%) - 2 Placings (100%) - 3 starts',NULL),(5,'BEAR THE CROWN','4yo CH Mare',NULL,'2020-09-16 11:36:10','2020-09-16 11:36:10','Olympic Glory (IRE) 2010','Mosscedes (AUS) 2006 [By Mossman (AUS) 1995]','Barry Ratcliff','B J Ratcliff & S M Foster','AUD $29,400','1000m (1), 1500m (1)','Bear The Crown is a thoroughbred horse born in Australia in 2016. Race horse Bear The Crown is by Olympic Glory (IRE) out of Mosscedes (AUS) , trained by Barry Ratcliff. Bear The Crown form is available here. Owned by B J Ratcliff & S M Foster.','2 Wins (29%) - 1 Place (43%) - 7 starts',NULL),(6,'CAMPARI SODA','5yo B Mare',NULL,'2020-09-16 11:36:10','2020-09-16 11:36:10','Dream Ahead (USA) 2008','Chitraka (AUS) 2007 [By Tale of The Cat (USA) 1994]','Barry Ratcliff','B J Ratcliff & A J Ahearn','AUD $55,920','1000m (1), 1106m (1), 1250m (1)','Campari Soda is a thoroughbred horse born in Australia in 2015. Race horse Campari Soda is by Dream Ahead (USA) out of Chitraka (AUS) , trained by Barry Ratcliff. Campari Soda form is available here. Owned by B J Ratcliff & A J Ahearn.','3 Wins (17%) - 6 Placings (50%) - 18 starts',NULL),(7,'PRETTY RUNAWAY','3yo SOR Filly',NULL,'2020-09-16 11:36:10','2020-09-16 11:36:10','Winners Award (USA) 2002','Pretty Jane Perry [By Pretty Boy Perry (USA) 1999]','Jason Pascoe','Heste Sport Inc','AUD $59,348','274m (1), 302m (1), 366m (1)','Pretty Runaway is a thoroughbred horse born in Canada in 2017. Race horse Pretty Runaway is by Winners Award (USA) out of Pretty Jane Perry , trained by Jason Pascoe. Pretty Runaway form is available here. Owned by HESTE SPORT INC.','3 Wins (33%) - 3 Placings (67%) - 9 starts',NULL),(8,'RESILIENCE BLUE','3yo DK B Colt',NULL,'2020-09-16 11:36:10','2020-09-16 11:36:10','Unrivaled (JPN) 2006','B B Cygnus (JPN) 2002 [By White Muzzle (GB) 1990]','Masaki Matsuyama','Ygg Horse Club Co. Ltd.','AUD $39,496','1500m (1)','Resilience Blue is a thoroughbred horse born in Japan in 2017. Race horse Resilience Blue is by Unrivaled (JPN) out of B B Cygnus (JPN) , trained by Masaki Matsuyama. Resilience Blue form is available here. Owned by YGG Horse Club Co. Ltd..','1 Win (25%) - 1 Place (50%) - 4 starts',NULL);
/*!40000 ALTER TABLE `horses` ENABLE KEYS */;
UNLOCK TABLES;

--
-- Table structure for table `migrations`
--

DROP TABLE IF EXISTS `migrations`;
/*!40101 SET @saved_cs_client     = @@character_set_client */;
/*!50503 SET character_set_client = utf8mb4 */;
CREATE TABLE `migrations` (
  `id` int(10) unsigned NOT NULL AUTO_INCREMENT,
  `migration` varchar(255) COLLATE utf8mb4_unicode_ci NOT NULL,
  `batch` int(11) NOT NULL,
  PRIMARY KEY (`id`)
) ENGINE=InnoDB AUTO_INCREMENT=43 DEFAULT CHARSET=utf8mb4 COLLATE=utf8mb4_unicode_ci;
/*!40101 SET character_set_client = @saved_cs_client */;

--
-- Dumping data for table `migrations`
--

LOCK TABLES `migrations` WRITE;
/*!40000 ALTER TABLE `migrations` DISABLE KEYS */;
INSERT INTO `migrations` VALUES (1,'2014_10_12_000000_create_users_table',1),(2,'2014_10_12_100000_create_password_resets_table',1),(3,'2016_06_01_000001_create_oauth_auth_codes_table',1),(4,'2016_06_01_000002_create_oauth_access_tokens_table',1),(5,'2016_06_01_000003_create_oauth_refresh_tokens_table',1),(6,'2016_06_01_000004_create_oauth_clients_table',1),(7,'2016_06_01_000005_create_oauth_personal_access_clients_table',1),(8,'2019_08_19_000000_create_failed_jobs_table',1),(9,'2020_09_03_121503_create_status_types_table',1),(10,'2020_09_03_132008_create_games_table',1),(11,'2020_09_03_132451_create_horses_table',1),(12,'2020_09_03_133522_create_bets_table',1),(13,'2020_09_03_133552_create_winners_table',1),(14,'2020_09_03_134945_create_horse_images_table',1),(15,'2020_09_05_063817_create_games_horses_table',1),(16,'2020_09_05_124142_alter_bet_table_add_winning_amount_column',1),(17,'2020_09_08_044647_create_events_table',1),(18,'2020_09_08_062249_alter_games_table_add_event_id_column',1),(19,'2020_09_08_074510_create_bet_types_table',1),(20,'2020_09_08_075054_create_amount_types_table',1),(21,'2020_09_09_144901_alter_horses_table_add_columns',1),(22,'2020_09_11_121454_create_claim_requests_table',1),(23,'2020_09_12_071358_alter_horses_table_add_logo_column',1),(24,'2020_09_13_032217_alter_game_horse_table_add_horse_no_column',1),(25,'2020_09_16_100211_alter_bet_type_table_add_game_count_and_horse_count',1),(26,'2020_09_16_104846_create_bet_game_horse_pivot_table',1),(27,'2020_09_16_112430_alter_bet_table_add_event_id_column',1),(28,'2020_09_19_060323_alter_games_table_add_game_number_column',2),(29,'2020_09_19_093141_alter_bet_types_table_add_select_type_select_input',2),(30,'2020_09_19_100352_alter_bet_types_table_add_color_column',3),(31,'2020_09_19_150648_alter_bet_types_add_enabled_column',4),(32,'2020_09_20_034553_alter_games_table_add_replay_url',5),(34,'2020_09_20_094504_alter_users_table_add_user_type_column',6),(35,'2020_09_20_112159_alter_game_horse_table_add_status_column',7),(36,'2020_09_22_010426_alter_users_table_add_balance_column',8),(37,'2020_09_22_010929_create_user_balance_credit_debit',9),(39,'2020_09_22_012307_alter_games_table_add_allow_bet_column_add_display_closing_bet_message_column',10),(40,'2020_09_22_113646_alter_bet_game_horse_table_add_horse_no_column',11),(41,'2020_09_23_142108_alter_bets_table_add_bet_cost_column_add_amount_paid_column',12),(42,'2020_09_24_113506_alter_bets_table_add_is_paid_column',13);
/*!40000 ALTER TABLE `migrations` ENABLE KEYS */;
UNLOCK TABLES;

--
-- Table structure for table `oauth_access_tokens`
--

DROP TABLE IF EXISTS `oauth_access_tokens`;
/*!40101 SET @saved_cs_client     = @@character_set_client */;
/*!50503 SET character_set_client = utf8mb4 */;
CREATE TABLE `oauth_access_tokens` (
  `id` varchar(100) COLLATE utf8mb4_unicode_ci NOT NULL,
  `user_id` bigint(20) unsigned DEFAULT NULL,
  `client_id` bigint(20) unsigned NOT NULL,
  `name` varchar(255) COLLATE utf8mb4_unicode_ci DEFAULT NULL,
  `scopes` text COLLATE utf8mb4_unicode_ci,
  `revoked` tinyint(1) NOT NULL,
  `created_at` timestamp NULL DEFAULT NULL,
  `updated_at` timestamp NULL DEFAULT NULL,
  `expires_at` datetime DEFAULT NULL,
  PRIMARY KEY (`id`),
  KEY `oauth_access_tokens_user_id_index` (`user_id`)
) ENGINE=InnoDB DEFAULT CHARSET=utf8mb4 COLLATE=utf8mb4_unicode_ci;
/*!40101 SET character_set_client = @saved_cs_client */;

--
-- Dumping data for table `oauth_access_tokens`
--

LOCK TABLES `oauth_access_tokens` WRITE;
/*!40000 ALTER TABLE `oauth_access_tokens` DISABLE KEYS */;
INSERT INTO `oauth_access_tokens` VALUES ('0018ddac308d54b4f33ed0cf5e820efa3eaa4e028f6a9388477912181fb1e633c41f943871b28de9',9,1,'authToken','[]',0,'2020-09-20 10:58:56','2020-09-20 10:58:56','2021-09-20 10:58:56'),('00384f74038908d071b8a66a6ff670e8ac569c202c515926c94066ded3d30d67ee514f03d2472abf',1,1,'authToken','[]',1,'2020-09-16 17:24:03','2020-09-16 17:24:03','2021-09-16 17:24:03'),('00819709a9ce99f2fec33cf30c3c8067a6380ed50d1af714fbbdbb8c675887d2307735c418fd1e2f',1,1,'authToken','[]',1,'2020-09-18 14:37:21','2020-09-18 14:37:21','2021-09-18 14:37:21'),('0094b1bc0ee32bf4c8063bf88ddc63f1e36a04480c22d8554a686c81c0d6bd199fa03eac3b94bc56',25,1,'authToken','[]',1,'2020-09-21 13:07:21','2020-09-21 13:07:21','2021-09-21 13:07:21'),('00ddf7b244acdd12fae435b1aff00a27c833d8ac6a82bda42ad3776349003b9f3390af24fac7d83a',21,1,'authToken','[]',0,'2020-09-21 12:42:31','2020-09-21 12:42:31','2021-09-21 12:42:31'),('019d32a796e4a6ef7b7e469f350c67453cc42e352b852a36a8959b4a0107f903aa39925550a3c764',25,1,'authToken','[]',0,'2020-09-22 14:59:04','2020-09-22 14:59:04','2021-09-22 14:59:04'),('02177c5477893d706cd37e8214f126c239832b400b2a82cf7fab84b5fea4be6b5a95fd0db54e466d',1,1,'authToken','[]',1,'2020-09-16 15:58:09','2020-09-16 15:58:09','2021-09-16 15:58:09'),('02238ca822944449f237b9d589eb5822c5a58ad9d5cf0217a18c91377969e6ec21f097df6f0ef015',1,1,'authToken','[]',1,'2020-09-16 15:51:16','2020-09-16 15:51:16','2021-09-16 15:51:16'),('02706a40d5cc8e46398754473d9bd78f297b959958cf77241afba910f4c312f3264ef6051e5a45ca',21,1,'authToken','[]',1,'2020-09-21 12:29:15','2020-09-21 12:29:15','2021-09-21 12:29:15'),('02e23213febfdc9fd26f0b0d406bf4a0f69944bf488cbf0b7d969a95899d7bf2750fd78ace5fdfc8',1,1,'authToken','[]',1,'2020-09-20 07:07:12','2020-09-20 07:07:12','2021-09-20 07:07:12'),('03a27982341b5b7d7a286329d1ccb1d14b6116c81aed3be30f8ae4b53d200a9c647c6633d3d300cd',49,1,'authToken','[]',0,'2020-09-22 02:54:41','2020-09-22 02:54:41','2021-09-22 02:54:41'),('03bd31503136ee7bfdd7b43e4bf620bb19c033dac5a9d16f7ac38f65460e63d96bf932220e08a4d3',1,1,'authToken','[]',1,'2020-09-20 07:58:07','2020-09-20 07:58:07','2021-09-20 07:58:07'),('03c76c67e7c817c3b6873ac8bfca2640ef5fd0fe2eabfcbcb97cf76d2360768f1d3344e2d52c73cf',1,1,'authToken','[]',1,'2020-09-20 07:41:30','2020-09-20 07:41:30','2021-09-20 07:41:30'),('04847b2b6959bbf51f9510a1af4ae566b4709b73ae0c409c7b83accd27cf70aecfd1e8ad04e014d0',1,1,'authToken','[]',1,'2020-09-16 13:34:54','2020-09-16 13:34:54','2021-09-16 13:34:54'),('048555d59057af8c24fcd629bb6bcdaf8d355f68273bbd578f648d7b1588cf63b7264f9b03e769a8',1,1,'authToken','[]',1,'2020-09-16 17:22:27','2020-09-16 17:22:27','2021-09-16 17:22:27'),('04f9253376c37c2928b559b678ed6ac854efc7a766d146ea06bae4815ddae060f0a394bb876b4bc7',1,1,'authToken','[]',1,'2020-09-17 12:20:59','2020-09-17 12:20:59','2021-09-17 12:20:59'),('064ebbe08b9e9e7454a8ac8ffde558a7a63eae4283b7a31c86f21853597a47d171c25e7044fb8605',1,1,'authToken','[]',1,'2020-09-16 16:49:08','2020-09-16 16:49:08','2021-09-16 16:49:08'),('0735ea76027f3653caddcdecc1e3c6528201dfa3343b1080d32c166b63816783e5c84e5a78f64c2c',1,1,'authToken','[]',1,'2020-09-20 08:13:21','2020-09-20 08:13:21','2021-09-20 08:13:21'),('087b6fe7a60a6ca579e06692619bf8c19d7760abad8c1c8db5a5c6c63c94b971b44d91c908bac485',1,1,'authToken','[]',1,'2020-09-16 13:40:28','2020-09-16 13:40:28','2021-09-16 13:40:28'),('09cd4f84837f216f47885fe6ddc14c425aca1f34325588ff3cf2bd06bffa50d2895fbf2acb2f5ddb',41,1,'authToken','[]',0,'2020-09-21 13:47:44','2020-09-21 13:47:44','2021-09-21 13:47:44'),('09fb7d6915cba3b10df42c3c92233d85d1e98ea1c2f945bdef6275ad3ec152160e8216da9df48359',1,1,'authToken','[]',1,'2020-09-17 12:00:49','2020-09-17 12:00:49','2021-09-17 12:00:49'),('0a5e3660f071308240b3f10f7da2c7f6c4a2e2d554de43cd4ec503d0e650322e8bb4394d692006c8',41,1,'authToken','[]',0,'2020-09-21 13:46:49','2020-09-21 13:46:49','2021-09-21 13:46:49'),('0b80637e4fcd89472b12c1e072555f4826a679e25f15b08b02792ef408b726f98b930188cbd8607e',21,1,'authToken','[]',0,'2020-09-21 12:43:08','2020-09-21 12:43:08','2021-09-21 12:43:08'),('0bb657a2175bd7516e2c02ee2ac0c6887f7f2d1cce99da3134d61a74ca3aca4659cf562fa736f123',1,1,'authToken','[]',1,'2020-09-16 17:28:58','2020-09-16 17:28:58','2021-09-16 17:28:58'),('0be03d9f0e5f62b270fdcb44143878aa911e47d7e283d84aeba3802c37783a822df1cab84a83be90',1,1,'authToken','[]',1,'2020-09-16 17:24:48','2020-09-16 17:24:48','2021-09-16 17:24:48'),('0c072e733ca7103ddbe32544715b2ebdcdfdb2f06547ebdf77c8d3bde17bc75ebe2a18c2592767f8',1,1,'authToken','[]',1,'2020-09-17 11:18:30','2020-09-17 11:18:30','2021-09-17 11:18:30'),('0c130ac3559c9588d79d9cb1603a5cbab51c50871c24b2fcd29591f57dc5ee66a277f0e6ed306c8c',1,1,'authToken','[]',1,'2020-09-20 07:24:54','2020-09-20 07:24:54','2021-09-20 07:24:54'),('0c7514151bdd3ceea4660575ed984e4ffc6809c6c7791d0ccb60810c5278542bfd0d817ba63e7db6',1,1,'authToken','[]',1,'2020-09-21 12:39:35','2020-09-21 12:39:35','2021-09-21 12:39:35'),('0caaef7f613b52aca6a43cc141a3d813629349c42dfcd2c85f4241393368acb58f9d58ed89b2609a',1,1,'authToken','[]',1,'2020-09-20 07:04:33','2020-09-20 07:04:33','2021-09-20 07:04:33'),('0cbadd819b006534529721a5118e783c95284a516f60c51a421f044924f39bbd2632deb9b081074f',1,1,'authToken','[]',1,'2020-09-16 13:56:03','2020-09-16 13:56:03','2021-09-16 13:56:03'),('0cc3b7353561cc3f97163f87db00a66f6700bc0a6155773451a1dfa803ebc82449dec50c4580b4ac',1,1,'authToken','[]',1,'2020-09-20 07:15:07','2020-09-20 07:15:07','2021-09-20 07:15:07'),('0d144f3ff6eadb6a5f177922d8f1b972d4d8e54edfff5afb20998118c277c0d91ae9d670e874ff5b',1,1,'authToken','[]',1,'2020-09-20 08:04:33','2020-09-20 08:04:33','2021-09-20 08:04:33'),('0d1a7ea630c1dc72a97dfa63e21068fb75ce2f305c4732c2cf7f1ab537c6a0892087271db9465555',1,1,'authToken','[]',1,'2020-09-16 17:12:16','2020-09-16 17:12:16','2021-09-16 17:12:16'),('0df3cd5114c279a9836425215c4bd1ad0ea7db31445651f72fb6057726bb775bb7cfe1be06358733',21,1,'authToken','[]',1,'2020-09-21 12:39:14','2020-09-21 12:39:14','2021-09-21 12:39:14'),('0e2232e496d5f5e3b86d7f989cf727e004c1823b77518e7c523691d7993b73c9fbb00c9423450079',25,1,'authToken','[]',0,'2020-09-22 15:00:33','2020-09-22 15:00:33','2021-09-22 15:00:33'),('0e3b4548bdb2896af41b3c9f8067be199457c903e3e6786e464912141e43f6acab18e27951581ede',41,1,'authToken','[]',0,'2020-09-21 13:48:33','2020-09-21 13:48:33','2021-09-21 13:48:33'),('0e3cdc6d9a59c3148b80460d76638be04600a6024d19fc98c7d8bdc1f5e173b547a750c6cb3debfb',1,1,'authToken','[]',1,'2020-09-16 17:29:06','2020-09-16 17:29:06','2021-09-16 17:29:06'),('0e3f7992d04cfb7d2af059a5b597dd9c28b7057bbadc0b68df9d463a76d04f957e4e15b890da9af0',1,1,'authToken','[]',1,'2020-09-16 16:34:44','2020-09-16 16:34:44','2021-09-16 16:34:44'),('0e4adcd09427d59ef16cd07e13c652706e574a04390077e060be76eb3172c6cbbf8cc35d818a1dc5',1,1,'authToken','[]',1,'2020-09-16 13:39:04','2020-09-16 13:39:04','2021-09-16 13:39:04'),('0e6ba376d585e2ee4f800818483876a5c6f97cf33bae2000c660cd784bf6ada01113e3eb7b4b3c5d',8,1,'authToken','[]',0,'2020-09-20 10:25:47','2020-09-20 10:25:47','2021-09-20 10:25:47'),('0ee3e861e1bc61dcd78ec833417afa47dd929ff92679fd8999fd055b1ca76f2afc774617688df8a0',1,1,'authToken','[]',1,'2020-09-16 16:49:09','2020-09-16 16:49:09','2021-09-16 16:49:09'),('0f72561150d47dff607b5565c10c08de2373cbc202102666ad77974bf744ae08887da03855507451',1,1,'authToken','[]',1,'2020-09-20 08:01:17','2020-09-20 08:01:17','2021-09-20 08:01:17'),('0f72b4d6a02d90ee9152a7e2ed26f8f792b2e73388a87bc6b88d647a6f0b6b8896041d68be47a9e3',1,1,'authToken','[]',1,'2020-09-16 12:10:11','2020-09-16 12:10:11','2021-09-16 12:10:11'),('1012d41d0d8cc3cfe5d65455a5428bb885f67d594d7142bf91a50949a6480923cd0bf901b9e75ab1',25,1,'authToken','[]',0,'2020-09-22 15:00:33','2020-09-22 15:00:33','2021-09-22 15:00:33'),('101b13072e3f4a8929a5963229aa13fa2b7208c49ae67679e772903372735061b7f6d108c853d742',1,1,'authToken','[]',1,'2020-09-16 17:12:16','2020-09-16 17:12:16','2021-09-16 17:12:16'),('10d267c81b80adfea895149cebce8468967f87abcf8c4c947651e74a2a17ee39eeb36520ae3a8997',25,1,'authToken','[]',0,'2020-09-22 15:00:33','2020-09-22 15:00:33','2021-09-22 15:00:33'),('1165d946e0b6f0c2ba96a220d3a9debfa0e5eba78bbc0853a8e2c77242c70dba1c12f54e0e61afb3',1,1,'authToken','[]',1,'2020-09-16 17:28:59','2020-09-16 17:28:59','2021-09-16 17:28:59'),('11b6653bbc1d01e91ba3ebb6a0a4ba03a6fa29004c5a7c91fc2f872e846ffcaa58290ec84e4d4057',21,1,'authToken','[]',1,'2020-09-21 12:41:23','2020-09-21 12:41:23','2021-09-21 12:41:23'),('134d1940fbde2d651d7724c4ffd3bd96761fd8b0bd575f549aa2091538575ba28ac6e3f583c575fd',1,1,'authToken','[]',1,'2020-09-16 17:29:00','2020-09-16 17:29:00','2021-09-16 17:29:00'),('135ab2a9120b60a2697d060d00d2ca6903cfcffb0d3e90aefad2be06d79860245f966bf251ed0106',25,1,'authToken','[]',0,'2020-09-22 15:00:33','2020-09-22 15:00:33','2021-09-22 15:00:33'),('139a065f8261ced9771c362657acea9528b90c49673e720659f691fb1663409c2523e932e9dc57bd',1,1,'authToken','[]',1,'2020-09-20 07:17:49','2020-09-20 07:17:49','2021-09-20 07:17:49'),('13b509f552867ea272a9f856a8a391136633e1ed144da01458d0ed56df42acb23073dc1b87f84cc9',1,1,'authToken','[]',1,'2020-09-16 12:10:08','2020-09-16 12:10:08','2021-09-16 12:10:08'),('152586eb8e461d0ef2946b84d3390a5844dd09a7ee3d268e46b7107564ce741d2d329ef747ed5c2f',1,1,'authToken','[]',1,'2020-09-20 07:15:31','2020-09-20 07:15:31','2021-09-20 07:15:31'),('158b2e2a071d18ca9daf3c138f4811750090d2d2ce9333082b6c3d1f319dbfbc98db0307e064ea82',49,1,'authToken','[]',0,'2020-09-22 02:54:36','2020-09-22 02:54:36','2021-09-22 02:54:36'),('15eb0db86567b556295edb43c57eeaabf6d7101377f47d2596d94c4b2126cb4fc5ce3ecc172a2d70',1,1,'authToken','[]',1,'2020-09-21 12:39:35','2020-09-21 12:39:35','2021-09-21 12:39:35'),('166bad8f6ea6b283df087c66a5afae7853754a1eda1098a78a103c3f6e28e911877de7922b11d2b7',1,1,'authToken','[]',0,'2020-09-22 11:16:19','2020-09-22 11:16:19','2021-09-22 11:16:19'),('17ca9f2ffbe585e5f8054d55782383db883a1e5e0fe13aa0d656cb4441f3e854d70f7ac61c2222ba',1,1,'authToken','[]',1,'2020-09-16 16:34:31','2020-09-16 16:34:31','2021-09-16 16:34:31'),('1811ab4f140aaa2f44ae4270a48f8786fd397d8fb8d873e0d2d5e78f5d3499a6e1549003bfde9ee8',1,1,'authToken','[]',1,'2020-09-16 13:54:29','2020-09-16 13:54:29','2021-09-16 13:54:29'),('1841cb118de0dfd4f14aba25d4367c8b777ab247139078b90adf517c0f17bf7f0f3d9ddcd55d70ea',1,1,'authToken','[]',1,'2020-09-16 16:34:31','2020-09-16 16:34:31','2021-09-16 16:34:31'),('18d04eefba7e767cdf85749b590c05352800d182fe15c8e5f170ad77566004d4d0a238f455f5844b',1,1,'authToken','[]',1,'2020-09-20 07:07:27','2020-09-20 07:07:27','2021-09-20 07:07:27'),('1965aae50280adda15856379fc58f45be5929156431ff10b9305b0f1163cd11caba070be8a4b5628',21,1,'authToken','[]',1,'2020-09-21 12:18:59','2020-09-21 12:18:59','2021-09-21 12:18:59'),('19e83c2a65794c47d77237001a9c37fc38d9aa9179ab8900e3fa0bd0c331297cd644aeb9f21c5487',1,1,'authToken','[]',1,'2020-09-20 10:09:53','2020-09-20 10:09:53','2021-09-20 10:09:53'),('19ef8cbcbe5e5646edc477fe03153ffb694b24c8a3efd7175793d3bf75d0cdab3658df30c79e1169',1,1,'authToken','[]',1,'2020-09-16 16:49:06','2020-09-16 16:49:06','2021-09-16 16:49:06'),('1a9c0bdbe2789a7c1fab3ce59dd9fb1773a3b34b92823e506e4527450986dbbf9307d5264cf5b2ca',1,1,'authToken','[]',1,'2020-09-16 13:57:09','2020-09-16 13:57:09','2021-09-16 13:57:09'),('1c781c18b574460a7332872cfe883f4eec51ea6fa38f1c9c57d622a03df865624e073b5654a063c0',9,1,'authToken','[]',0,'2020-09-20 10:50:50','2020-09-20 10:50:50','2021-09-20 10:50:50'),('1ccc0d06eb40748878f1655aded0dff0319954ab3ffa454822db86eebb075495e7febc028286eb81',1,1,'authToken','[]',1,'2020-09-20 07:15:41','2020-09-20 07:15:41','2021-09-20 07:15:41'),('1d468e91e8548478f8b83c151ffade33037ce931d350122986570cc9c2694f66428a4f59b5b6ce4f',1,1,'authToken','[]',1,'2020-09-16 16:43:54','2020-09-16 16:43:54','2021-09-16 16:43:54'),('1d58a29766daa4261f71298997ab7d0e11ee51f297e350432fb36af3da998a35f427633600ada29a',1,1,'authToken','[]',1,'2020-09-16 17:19:41','2020-09-16 17:19:41','2021-09-16 17:19:41'),('1db2f672bdf91370fddc29e734f0bf6e6b2f35357f9215c1c70326e5e6ab0b2d9ffd7ab9d42d2fc7',1,1,'authToken','[]',1,'2020-09-18 04:29:02','2020-09-18 04:29:02','2021-09-18 04:29:02'),('1df2b17d486470a2c9bd965e55ad1f705288f2517c52fdaeff7c403d83fece88928b1c04f6c16c48',1,1,'authToken','[]',1,'2020-09-18 04:29:06','2020-09-18 04:29:06','2021-09-18 04:29:06'),('1e45b8e084576a53a9d8e78fd198a74b34872aa80d17267a569e22fb552d9ac27cc0d11a78eaf4d0',1,1,'authToken','[]',1,'2020-09-17 01:43:08','2020-09-17 01:43:08','2021-09-17 01:43:08'),('1f0bb54dc3856b7adc39ad91f4bc3100a64556aff17ea68b247e47aac60458c164ff1b725f7e4844',1,1,'authToken','[]',1,'2020-09-16 17:26:54','2020-09-16 17:26:54','2021-09-16 17:26:54'),('1f13453f353a18227778be2dc4261f02ebfcff1db8b02cb7c904efbf21b11de09ad3a2aa62b7ca9a',1,1,'authToken','[]',1,'2020-09-16 17:30:43','2020-09-16 17:30:43','2021-09-16 17:30:43'),('1f44d0bcce0a64c6461e9c1b6a0ba730b012cf34726a463db3b87f7d7d59f8160ccdf1e31d2920ca',1,1,'authToken','[]',1,'2020-09-16 17:28:48','2020-09-16 17:28:48','2021-09-16 17:28:48'),('1f884f6aa7d1a2868a8678c689de0a6125cfdbaf388d96431a12922e0c68e29f7be677f43c215cc2',11,1,'authToken','[]',0,'2020-09-21 11:50:32','2020-09-21 11:50:32','2021-09-21 11:50:32'),('1ff0629269bf549be75c66c337a8cc67080369b6338df2a167b9871aa613c007bdcb8e52a24ab353',1,1,'authToken','[]',1,'2020-09-20 06:59:48','2020-09-20 06:59:48','2021-09-20 06:59:48'),('202a4f13a9e78265c239ea20223a86de2e023f0536dd1a13052f1a7d2f70d8c0017e768005ae4165',1,1,'authToken','[]',1,'2020-09-20 07:09:48','2020-09-20 07:09:48','2021-09-20 07:09:48'),('202b95b2e855a0204bdab929418fd6e964f177fac7317fcb9b0589b5180f07e80f6219725faa25ed',1,1,'authToken','[]',1,'2020-09-16 17:16:10','2020-09-16 17:16:10','2021-09-16 17:16:10'),('202e6189fe30abf94f216b532dec345536765da952cfe711366bd5d750892af8c1b65e844cfa09f5',1,1,'authToken','[]',1,'2020-09-20 07:17:08','2020-09-20 07:17:08','2021-09-20 07:17:08'),('205d1b245b8e43dd01a08b37cc671f1d3154ea4322c5465229f1df6bba7e420c7fc41b2e257c9d7a',21,1,'authToken','[]',1,'2020-09-21 12:39:19','2020-09-21 12:39:19','2021-09-21 12:39:19'),('205fc2714421fbc4db7113e9fa6044558ff435a8a3906073a95c0a7c24f0b5d30b20a24d0e131956',1,1,'authToken','[]',1,'2020-09-16 17:17:40','2020-09-16 17:17:40','2021-09-16 17:17:40'),('20856233b2f76ac553a085b9bfecd7a02b61dc4cadc08c0e421e1952267636ca1b93f721006c8cb3',1,1,'authToken','[]',1,'2020-09-20 07:31:26','2020-09-20 07:31:26','2021-09-20 07:31:26'),('20bfd104817265dd678c2759371012aebf0b0e5bcaf3ed1cd603d1e929e6e830330c94ec92aa9777',1,1,'authToken','[]',1,'2020-09-17 01:55:43','2020-09-17 01:55:43','2021-09-17 01:55:43'),('20e89a083cd526f2979cd96e222eeef6f7d0d95fc8077b7f3706022fcb1b7a7fc6217f6178b03bc3',1,1,'authToken','[]',1,'2020-09-18 13:38:24','2020-09-18 13:38:24','2021-09-18 13:38:24'),('213b4c39cd8966b17e3edda04700fc454106b3ff562b6d896e467512db3e8e167c0100c56a5779b8',1,1,'authToken','[]',1,'2020-09-17 11:18:27','2020-09-17 11:18:27','2021-09-17 11:18:27'),('218268eef13689948a6cdafcc15b4c0296aed6f3b9fab0ef320d6a1a5e9899e85347e525292a2f4a',1,1,'authToken','[]',1,'2020-09-16 13:35:02','2020-09-16 13:35:02','2021-09-16 13:35:02'),('21f6547a94888f73f19dde9298a4baa1aa57a0086abfe3128cae4fcefb988a53c6e63cbb29228a47',1,1,'authToken','[]',1,'2020-09-16 15:58:09','2020-09-16 15:58:09','2021-09-16 15:58:09'),('21fc8328cbdd23ecef11c6cf73e6f4c24a5666984a308032a1838a9f09b329fe7cbfd087065e8c5e',1,1,'authToken','[]',1,'2020-09-16 17:33:23','2020-09-16 17:33:23','2021-09-16 17:33:23'),('2212e8df812400cdad20698637e812825b3bf6ba769917f87bc1981fab3bde384ab45a093cfc3091',32,1,'authToken','[]',0,'2020-09-21 13:21:03','2020-09-21 13:21:03','2021-09-21 13:21:03'),('2219c6577cc25c41cf9326621ee0d1d85a94a5d5fdb705c708a17981dacf876a0b0ffa69b2afd128',9,1,'authToken','[]',0,'2020-09-20 10:58:49','2020-09-20 10:58:49','2021-09-20 10:58:49'),('2289d836f4b0c9726d8ad0a973ca3af09f2ea1e402ce2caacfdae6d1b18ca30ff8d99d83111047e2',49,1,'authToken','[]',0,'2020-09-24 09:14:42','2020-09-24 09:14:42','2021-09-24 09:14:42'),('22a5652462594da1f8fb5ab840e52d9359f0f7daf00cbd9a4be8cea0975ad14cd3eedf4c25555ba8',1,1,'authToken','[]',1,'2020-09-17 11:18:25','2020-09-17 11:18:25','2021-09-17 11:18:25'),('22c5cb51d7fcd1fa63a843d0ccaefbcaeeaf4dd59d2ca14bb4ef03aece9c5f299342df10ee8801b3',1,1,'authToken','[]',1,'2020-09-18 04:29:03','2020-09-18 04:29:03','2021-09-18 04:29:03'),('22c9e0e76b288d4022b077bb112b1a7b6f55b95c3745211b942d0dc1293e5a94ac23fb2479523ee7',21,1,'authToken','[]',1,'2020-09-21 12:19:05','2020-09-21 12:19:05','2021-09-21 12:19:05'),('22cfb66a3dec18cd0d431d0e55deef54f694dd04a4df64a62248b0052114c80a33a5f2e3300d9872',49,1,'authToken','[]',0,'2020-09-23 14:39:56','2020-09-23 14:39:56','2021-09-23 14:39:56'),('22d3a3da7c353a5b42e254dde5b895eeba97e8c2acded974fa2a944262ad7b21db2d49c5d7c78bfc',1,1,'authToken','[]',1,'2020-09-20 08:39:14','2020-09-20 08:39:14','2021-09-20 08:39:14'),('22f954834b2ad4c274e15a86ebd7b4ff13bb78552e72f61d0c4859ab1c7d61859b9dddfae08085ef',1,1,'authToken','[]',1,'2020-09-20 08:01:42','2020-09-20 08:01:42','2021-09-20 08:01:42'),('239bea2f347ac0ecc623e07a880824ae1291a30e9c196f386f843f5df6ffdfa09a8c59995c223108',1,1,'authToken','[]',1,'2020-09-16 17:13:05','2020-09-16 17:13:05','2021-09-16 17:13:05'),('24551383ad5d29c2e079b7f5c9be4422dc4aba7d4c11b44fd25bbb2cc4bdeab8851b2eaeb04890d8',21,1,'authToken','[]',1,'2020-09-21 12:18:35','2020-09-21 12:18:35','2021-09-21 12:18:35'),('2462481b06c8016e380ac530bb31847ac835b2dac85b1de107c89895a537679b28d9cf98aea380fa',1,1,'authToken','[]',1,'2020-09-18 13:25:01','2020-09-18 13:25:01','2021-09-18 13:25:01'),('24c4893a9bb74542210f7e0a29fe602130beedb2741a3534a378b5f7dcd0216b1b583abc68bc1d81',1,1,'authToken','[]',1,'2020-09-18 13:35:09','2020-09-18 13:35:09','2021-09-18 13:35:09'),('24e01b939f66ee42718f7321ba8288f1fb1537ffdb49d1d1d814bee35a5f99ef0ec134d5e6b2baaf',1,1,'authToken','[]',1,'2020-09-18 01:01:56','2020-09-18 01:01:56','2021-09-18 01:01:56'),('24f3935f2c04b93852cba5f991cf41b4b7d6c2819d502a9eb0b7aea00fbc03114634b928fd3d6fb2',1,1,'authToken','[]',1,'2020-09-20 07:17:53','2020-09-20 07:17:53','2021-09-20 07:17:53'),('251ce13365e109ca550c0010371727c6bc20252828b47766d8a7b0f7c1c0066d073b49abdf8dd44c',1,1,'authToken','[]',1,'2020-09-16 17:15:00','2020-09-16 17:15:00','2021-09-16 17:15:00'),('266d36f0749c03ca571956086ab29e816dd166a364405c8281f9ad631962420e8b119fb096486ae5',1,1,'authToken','[]',1,'2020-09-16 17:12:18','2020-09-16 17:12:18','2021-09-16 17:12:18'),('26c91768000283be4dc171eef3a9a1757a830e8caa59a9732439bcd75ce429ec501e1539e2de924a',21,1,'authToken','[]',1,'2020-09-21 12:21:02','2020-09-21 12:21:02','2021-09-21 12:21:02'),('2707e6f5ec65d4adf6eaf67b4012014bedfb7319ed6ad62659c0e95a5f6cf68f5900d144efd08820',1,1,'authToken','[]',1,'2020-09-16 12:10:46','2020-09-16 12:10:46','2021-09-16 12:10:46'),('28084930a27c3e9b96e47349404b2ecacc69b375e0f0219f8d78eb212ad197a6ac8c00546be473f6',32,1,'authToken','[]',0,'2020-09-21 13:19:32','2020-09-21 13:19:32','2021-09-21 13:19:32'),('287c4c220c5b66418c55079d07a09b2ebcb07bef5a8bb96dc9f7e433a7ff9e1268c6de65f125f0eb',1,1,'authToken','[]',1,'2020-09-20 07:41:14','2020-09-20 07:41:14','2021-09-20 07:41:14'),('28bcea3f6c909d6f771053437bb7515587c43ba273cb3ba859b8554d8f8dfa16a0b2973f73f1a764',1,1,'authToken','[]',1,'2020-09-17 05:26:31','2020-09-17 05:26:31','2021-09-17 05:26:31'),('295d3bb55ca740196d8b52e145145a19972e752020e595502b410d609c41b19c1d9f77c09b7b9f09',49,1,'authToken','[]',0,'2020-09-24 09:14:42','2020-09-24 09:14:42','2021-09-24 09:14:42'),('297b0486494b24a3983f0c0e516f363fec7ea95958a405a8b5f21ef70a5bfc5ab8d637954c80a018',9,1,'authToken','[]',0,'2020-09-20 10:42:59','2020-09-20 10:42:59','2021-09-20 10:42:59'),('29ed35ba935a45eb0f8b6e467921962486fa68fb3706a0e30e69633fd81c52b0a5f660f564a2a179',1,1,'authToken','[]',1,'2020-09-16 17:14:18','2020-09-16 17:14:18','2021-09-16 17:14:18'),('29ff3542914f2f7c96362932502a82128339afdd5fde52bd4853a6a80b3f9b5a67eda7133d92847e',21,1,'authToken','[]',1,'2020-09-21 12:28:41','2020-09-21 12:28:41','2021-09-21 12:28:41'),('2a2c345601033288105cb2de56c65aa43d1467a8ac96b94fa8966da6fbfbab648ff39b6c78f9a281',1,1,'authToken','[]',1,'2020-09-20 07:09:48','2020-09-20 07:09:48','2021-09-20 07:09:48'),('2a7719b6f316edf7280b895ad91cf27d0c51989c6486f8486a4d09412988db9fe10b0fc1a211db12',1,1,'authToken','[]',1,'2020-09-20 07:11:58','2020-09-20 07:11:58','2021-09-20 07:11:58'),('2b1f4b7ac07fc5505488f5ecf062fbe8a99aa7b3a789f1524dcde8b4b47c8f73b1c0f6b3d5745292',1,1,'authToken','[]',1,'2020-09-20 09:43:02','2020-09-20 09:43:02','2021-09-20 09:43:02'),('2c381eb1960404eadc9e8821dec8154e78c17890ac6b79a9179d30dc99af0fa4e608d4ffed4dde33',1,1,'authToken','[]',1,'2020-09-16 13:34:01','2020-09-16 13:34:01','2021-09-16 13:34:01'),('2d951bed6629c543867c28016b4e914953ae5e1a17d03b3df5ffe4372f51533158e05235818ce3e8',1,1,'authToken','[]',1,'2020-09-20 07:16:46','2020-09-20 07:16:46','2021-09-20 07:16:46'),('2df5a7f3dbc59285c663adf2088b47e4d66279cdbf6545ac5677c0723399aba4c0a5da6319dc2799',1,1,'authToken','[]',1,'2020-09-18 04:29:04','2020-09-18 04:29:04','2021-09-18 04:29:04'),('2e719d1140d8c94831f2b8dc9dca2c3541005bb00685fb5df54bd66e87c4be2498ea740e1a2de3ff',1,1,'authToken','[]',1,'2020-09-20 07:20:36','2020-09-20 07:20:36','2021-09-20 07:20:36'),('2e8aea6a0fe1817579cf451c7305df9de2939f12e4c31ba136d67193dfb8ebab7174a999449f0b30',41,1,'authToken','[]',0,'2020-09-21 13:50:50','2020-09-21 13:50:50','2021-09-21 13:50:50'),('2e9744fa8d86778309b2270d2c54ba53c4af5fdc8f030e65af683096449644640b1ab6234b516004',1,1,'authToken','[]',1,'2020-09-20 08:19:30','2020-09-20 08:19:30','2021-09-20 08:19:30'),('2e996ec184a78a3cd366cdf971744e8d5977a17d6ec5ed0e8614b653ea93ebdf414151d09a68cc61',1,1,'authToken','[]',1,'2020-09-20 07:16:24','2020-09-20 07:16:24','2021-09-20 07:16:24'),('2eb08204822f38e1c5846dd780379ec584e17260fe7727425106129fd943ba72dd573c672c32df99',1,1,'authToken','[]',1,'2020-09-16 17:21:34','2020-09-16 17:21:34','2021-09-16 17:21:34'),('2eb0c9161774dbcf4ede367a2bd2840f0b6b9a88bd017c25a052164e3fa9e053e8c82c43b8fcdbf9',1,1,'authToken','[]',1,'2020-09-16 17:12:16','2020-09-16 17:12:16','2021-09-16 17:12:16'),('2eb4524fbd1d27c4f733570d8be8d3d0bb2329943d19326c47323831d9ee302f57a25124230cc06e',1,1,'authToken','[]',1,'2020-09-20 07:17:53','2020-09-20 07:17:53','2021-09-20 07:17:53'),('2ecadf750fcacba7b80d8e0b766c55e22183ef0c296999e0c3de6d419940e02a3713372edc2a1741',1,1,'authToken','[]',1,'2020-09-16 15:02:58','2020-09-16 15:02:58','2021-09-16 15:02:58'),('2ed892dbd7323e255d5a0975fada64b8810add66dd5839d0abc1c35fef06e6a69c30a99d6bebb099',1,1,'authToken','[]',1,'2020-09-17 11:18:18','2020-09-17 11:18:18','2021-09-17 11:18:18'),('2ed920e90f66b6a059ccbc206cf8c12108f1dc372710196019c91ca6125961f13bda3302a11c4138',1,1,'authToken','[]',1,'2020-09-16 14:47:04','2020-09-16 14:47:04','2021-09-16 14:47:04'),('2efa3e13b05ff9493e38b54c058cfc8dbb4ef8b584df71af406812a3ed084e392eb8cc25764b0576',1,1,'authToken','[]',1,'2020-09-18 12:25:21','2020-09-18 12:25:21','2021-09-18 12:25:21'),('2f2bea68ef03d48ef138bd11f41c223a27d0b67cb3ac7d3bfab10711abb4466ae693612ef2dff471',21,1,'authToken','[]',1,'2020-09-21 12:39:14','2020-09-21 12:39:14','2021-09-21 12:39:14'),('2fbaa9adff403ff89534a9579016a0c2363fbe74672d797ad34339e5449cf9a969076c430d6c78c7',1,1,'authToken','[]',1,'2020-09-18 12:18:19','2020-09-18 12:18:19','2021-09-18 12:18:19'),('2fed6c8a60f1cb428834e46be5de5e0c56e6d71a01e015c0d648dfd2cf80468722a3c2557da5e256',9,1,'authToken','[]',0,'2020-09-20 10:42:58','2020-09-20 10:42:58','2021-09-20 10:42:58'),('30046231b025fbc847a77054c5ef1433c97ba5e8abe45ee5a7aa7d3d922c627968d47466c54b682b',1,1,'authToken','[]',1,'2020-09-16 13:48:33','2020-09-16 13:48:33','2021-09-16 13:48:33'),('3081a6325ff54f5651952b9ebeadff9c2b708e45dad1fc5dcb50dab41ffca6f72e0a2c3cff21bdeb',1,1,'authToken','[]',1,'2020-09-16 17:23:47','2020-09-16 17:23:47','2021-09-16 17:23:47'),('30b5c837e72201af6c2bd8a3c695217b26d6c93afbb3d3e419a301f00d43da85445a62b09845bcee',1,1,'authToken','[]',1,'2020-09-18 12:46:58','2020-09-18 12:46:58','2021-09-18 12:46:58'),('30cd69277840a645a95a1f1f056ecdf6da3552f60fedabb84050e20caec02d81c81bb2ead08f39cc',1,1,'authToken','[]',1,'2020-09-16 17:23:48','2020-09-16 17:23:48','2021-09-16 17:23:48'),('30ea5c8a1204e5ebc641380a198292cddcccd1019715d91eed1ebec3e34c6ebafb52bf1dd6bda385',49,1,'authToken','[]',0,'2020-09-21 14:17:08','2020-09-21 14:17:08','2021-09-21 14:17:08'),('314ce6ba7353fa1ee99e01b5a85921285985b74933fb81036f550c1f0d1582d79e776c919227a340',1,1,'authToken','[]',1,'2020-09-16 17:34:12','2020-09-16 17:34:12','2021-09-16 17:34:12'),('3155f81ba05d7641e0e5510f117578cf89f68b9cdd28850fec1baaa826a73f436add7f6fa346660e',1,1,'authToken','[]',1,'2020-09-16 17:26:14','2020-09-16 17:26:14','2021-09-16 17:26:14'),('32167cc9d40fb188b860b449beaa6af4f76d076272086a2eef7bfdfa91bd96e816ed4e4e53a6cae7',1,1,'authToken','[]',1,'2020-09-17 11:19:01','2020-09-17 11:19:01','2021-09-17 11:19:01'),('32335a3ef357d0af7d64c33dafad036088080dc2160e316d69985a35393eae7180400b302f9c4293',1,1,'authToken','[]',1,'2020-09-16 17:18:13','2020-09-16 17:18:13','2021-09-16 17:18:13'),('328f0328b61e3dd5a12b91da3b5ad92bf84327c52d19f65b36ac32f9dc5584e0d9860117dc3bd219',1,1,'authToken','[]',1,'2020-09-17 01:54:42','2020-09-17 01:54:42','2021-09-17 01:54:42'),('3405d6c41a71f9a95b8f6db9d4841f18a1e79ca5eab83130d1af0b4068504d6269169c9aaf36a2d3',21,1,'authToken','[]',1,'2020-09-21 12:34:49','2020-09-21 12:34:49','2021-09-21 12:34:49'),('340b7cb0d6985a0678334fe3d3010c764d0a582e0db8224babb26e3519cc6e914f44e749a4312b03',1,1,'authToken','[]',1,'2020-09-18 12:07:25','2020-09-18 12:07:25','2021-09-18 12:07:25'),('34ddf2e7e662295c32675c2d6accdccde0e2a5788bc8c1d622fae9957be401522a127e0040bb5c0f',49,1,'authToken','[]',0,'2020-09-23 14:12:40','2020-09-23 14:12:40','2021-09-23 14:12:40'),('357db3508822c52793118b5345a18c9fab2a3f59fe435be4cebf18046f02a4ddba1544e6d0152ad5',21,1,'authToken','[]',0,'2020-09-21 12:43:17','2020-09-21 12:43:17','2021-09-21 12:43:17'),('35cac9f35c05f9f38197ba0b9645ac4622f8ffa0c1deec07f005383ba0a72c59e511ffed4fbd551e',1,1,'authToken','[]',1,'2020-09-18 13:25:51','2020-09-18 13:25:51','2021-09-18 13:25:51'),('35d074bcf5257247d4ce2dcd36d0bae50c56e0edac5f11c99c2d64c5130b461f93ba2d0c56a059ae',1,1,'authToken','[]',1,'2020-09-18 14:16:27','2020-09-18 14:16:27','2021-09-18 14:16:27'),('3658bf21ade537f2e8c3b8d443907918afcb211369ca7f2116c9f2011d893470749b104d410a10d6',1,1,'authToken','[]',1,'2020-09-18 12:25:36','2020-09-18 12:25:36','2021-09-18 12:25:36'),('36996a08f32fb1ac26bd3888063d91afa70062ecc7982671bea5474f256e2f76bd80df724648eab0',1,1,'authToken','[]',1,'2020-09-16 13:44:19','2020-09-16 13:44:19','2021-09-16 13:44:19'),('36eef1bc9bd84fb98e91721825741a039e027e529559ff1bb5eb1582e8601101da4cd8d15e7402ca',25,1,'authToken','[]',0,'2020-09-22 15:00:33','2020-09-22 15:00:33','2021-09-22 15:00:33'),('37085b9443c5e1ad44b94b741fbc4105eb1549c31925dd5776abda30ff67b9b12016f39826e212b1',25,1,'authToken','[]',0,'2020-09-22 15:00:33','2020-09-22 15:00:33','2021-09-22 15:00:33'),('375935527aa5ad761f24e7e7c58cc8c4eb14da3c7029f812a15d68919071a04d7360ab5ac11fb4d0',1,1,'authToken','[]',1,'2020-09-16 17:28:26','2020-09-16 17:28:26','2021-09-16 17:28:26'),('37b8f4d41eaac4582040059ea6cb573cb08089584e96a72093e7285d810353d261495d766291189a',1,1,'authToken','[]',1,'2020-09-17 11:18:25','2020-09-17 11:18:25','2021-09-17 11:18:25'),('39a0b3e7a0c09e2e1db3ad3ed4d6100d360132f7d29eba89d476d636f0a41f8c6843f8f5e776649c',1,1,'authToken','[]',1,'2020-09-20 06:53:39','2020-09-20 06:53:39','2021-09-20 06:53:39'),('3a3ce6734d76ea8981d2c85e21bdb6255fdbd06b61ac6f26f138929df7f38c4adf98d5e1951c95a1',32,1,'authToken','[]',0,'2020-09-21 13:19:32','2020-09-21 13:19:32','2021-09-21 13:19:32'),('3a7d16a47d83add329347feb04a3f58ea755eb3e092101f6a8871b585445a8d1162622a4266279d9',1,1,'authToken','[]',1,'2020-09-18 12:26:32','2020-09-18 12:26:32','2021-09-18 12:26:32'),('3ab5bfdb954c9224dcde94f9b1c3b8679aa962e8d72a258407aadd3c8e0ccf2502c75ac90e0fa4b5',1,1,'authToken','[]',1,'2020-09-17 01:46:52','2020-09-17 01:46:52','2021-09-17 01:46:52'),('3abc3224515e91b1be28c866b300e310b6b2a44bea29014552c07ba420fadfa9af283c6973c791d7',9,1,'authToken','[]',0,'2020-09-20 10:58:11','2020-09-20 10:58:11','2021-09-20 10:58:11'),('3acd7ef0eab8c903fa9f60b9f9a5d0d34f8a2f51ecfd29d7bf7a22288b3ffa87ac03a8658bf728f4',1,1,'authToken','[]',1,'2020-09-17 01:43:10','2020-09-17 01:43:10','2021-09-17 01:43:10'),('3ade6328f4f82057dc240e764225475a2038c13a749cde2509af4d57bff634b8464560ed93402ea9',1,1,'authToken','[]',1,'2020-09-20 07:12:54','2020-09-20 07:12:54','2021-09-20 07:12:54'),('3bae1b310cc007f9e0780a813810b76ef2db27846cb9dcc4d53fadfbf42ff2908250551fa77b97b3',21,1,'authToken','[]',0,'2020-09-21 12:42:50','2020-09-21 12:42:50','2021-09-21 12:42:50'),('3bef71884f383a1c8caba0739a5178d370e3b178c067d0e3ab4c4e37a16b23890041b633d403b515',1,1,'authToken','[]',1,'2020-09-16 17:12:11','2020-09-16 17:12:11','2021-09-16 17:12:11'),('3bf15751f60a972a8b713a246dfb843786366799747a5b31d7932bddf4eb4ecba8dd01dad9487ba7',1,1,'authToken','[]',1,'2020-09-17 01:45:34','2020-09-17 01:45:34','2021-09-17 01:45:34'),('3c9e3baad99fae5e781954ae525713c0d5e4ca5ead64220318af220073a9d680a7e53f926a4cb5cf',1,1,'authToken','[]',1,'2020-09-16 17:24:06','2020-09-16 17:24:06','2021-09-16 17:24:06'),('3cbdbbe4cfd88367cf216444fc28100cc02834406a62c686bfefc2fb4222044b0da7aecefaf5e365',1,1,'authToken','[]',1,'2020-09-16 13:58:24','2020-09-16 13:58:24','2021-09-16 13:58:24'),('3d0e5e3fe453cae4d60356ab753c88d3c842d7ad0a110c24c719c2f0dd43abf7e86d0391eb59fa9b',41,1,'authToken','[]',0,'2020-09-21 13:46:49','2020-09-21 13:46:49','2021-09-21 13:46:49'),('3d33cbc8c50ffad646e14816da99963622acc90f778cf0e41636a5a44a858872ce5f36e1f402d729',9,1,'authToken','[]',0,'2020-09-20 10:58:11','2020-09-20 10:58:11','2021-09-20 10:58:11'),('3d48ad45e74525402e5c39e6e316b67c77d3ba6c7cbe79fe413e373cdda04dfc2a18f48dde3a9ea5',1,1,'authToken','[]',1,'2020-09-16 12:11:29','2020-09-16 12:11:29','2021-09-16 12:11:29'),('3d68326697bb5068d84e712e7ebacaeeed90fd61d4a7b67d7a4e31c5bcc03f9ad557d9e5addfc04f',9,1,'authToken','[]',0,'2020-09-20 11:12:08','2020-09-20 11:12:08','2021-09-20 11:12:08'),('3e232cfda1fe140967da5b5c5e48f2d713795ab9e12f9eab0d16ca3968731a0e650de883ea3fea9d',1,1,'authToken','[]',1,'2020-09-16 17:35:51','2020-09-16 17:35:51','2021-09-16 17:35:51'),('3edd6db13b61c04d0decbbc9d9d477a17441b323b9c693101b3ff0039105ce39a6e660a0957ff6b4',1,1,'authToken','[]',1,'2020-09-18 01:01:47','2020-09-18 01:01:47','2021-09-18 01:01:47'),('3f532b50ccebea30e4aad9c627a3e234da5ecfea297236834fbe7822fde42ce69f05cd689ad19612',1,1,'authToken','[]',1,'2020-09-16 17:13:04','2020-09-16 17:13:04','2021-09-16 17:13:04'),('3fe47fd3273b801fc9f0a40a6eed04700d3ddc1593737be52ea1e2724693cdbaea8e3109d84ca649',1,1,'authToken','[]',1,'2020-09-20 07:16:56','2020-09-20 07:16:56','2021-09-20 07:16:56'),('3fe65d8af70c08c1c06bf157e2e0013d56b4e76ebe08cd2c06a4ad721da8c5096bda680dc94ea652',9,1,'authToken','[]',0,'2020-09-20 11:01:08','2020-09-20 11:01:08','2021-09-20 11:01:08'),('4059c8f9a5e9254cd66a85bf979d411ac23a47f5e6a67b8aa21f0a148f88fb8d54936d40d0e0bb9a',1,1,'authToken','[]',1,'2020-09-16 17:12:19','2020-09-16 17:12:19','2021-09-16 17:12:19'),('40bc679f41e77f8db7d13999602a3a5a39201cec89798c9152828293a6c229c04289e04d9f68a85d',1,1,'authToken','[]',1,'2020-09-20 07:15:28','2020-09-20 07:15:28','2021-09-20 07:15:28'),('4165d34404fb930a8b870d6c97368d2c8f209773e1f5cfcef96308e9103a7d71ae459bb999f630b9',32,1,'authToken','[]',0,'2020-09-21 13:20:08','2020-09-21 13:20:08','2021-09-21 13:20:08'),('417a7d3fe03ea3d8a3c873eeacbd17b60e721d27ae2d60ec6f7e07c41096baa863655b322e84537d',1,1,'authToken','[]',1,'2020-09-20 06:59:39','2020-09-20 06:59:39','2021-09-20 06:59:39'),('41831295e34020fd25d234d116b93cd1fa310c844f64aadf357db5b6a892243220f8d96f535e2597',1,1,'authToken','[]',1,'2020-09-16 15:03:12','2020-09-16 15:03:12','2021-09-16 15:03:12'),('425207a191045b1e77d35d8b138efcad830b34871e1f634490718158b23a727c18b115b3640f6099',1,1,'authToken','[]',1,'2020-09-20 08:13:06','2020-09-20 08:13:06','2021-09-20 08:13:06'),('44605a57215629685d932afe3e5d9f9a3dea80fa51609fb8764fdf08ad7bbb7bc661d88f86773af3',21,1,'authToken','[]',1,'2020-09-21 12:41:23','2020-09-21 12:41:23','2021-09-21 12:41:23'),('447df5ce6d087b946a8410f09df328c9efdee68bc1ef056c9d606a71e81398933ae9cc166819d877',1,1,'authToken','[]',1,'2020-09-18 12:47:17','2020-09-18 12:47:17','2021-09-18 12:47:17'),('44ecefbbbc5f54500a2f9f15ba25b53341256cd4790296038af4e837e0e152d7f47dd747112b06de',1,1,'authToken','[]',1,'2020-09-16 14:47:04','2020-09-16 14:47:04','2021-09-16 14:47:04'),('4505a8f19410503b33535e40955b1182c9290e343ee0d8809582be1904f2898d6e5e0f74dfc82776',1,1,'authToken','[]',1,'2020-09-16 17:31:00','2020-09-16 17:31:00','2021-09-16 17:31:00'),('45203dcc865d0a4c50baea21f49239ca3def46a69d77595be1ecd52eb5db05adc00896ea623a5d44',1,1,'authToken','[]',1,'2020-09-20 07:15:41','2020-09-20 07:15:41','2021-09-20 07:15:41'),('45998026726d73468e76cc388e1d613c4ed49c719732bf20e7bf7da80f46dcf0b724b1b276fe4b99',21,1,'authToken','[]',1,'2020-09-21 12:28:41','2020-09-21 12:28:41','2021-09-21 12:28:41'),('464b64f164be4dae382f99b469d51af886c51d4429a58f8aebb9d1192626c23144c5fc9552a78173',1,1,'authToken','[]',1,'2020-09-16 13:47:18','2020-09-16 13:47:18','2021-09-16 13:47:18'),('4739b3d7cdb650c52b6e739fbae7058ebe064a734538a86a11d30fd35322eb8034a10eff3c72da9a',1,1,'authToken','[]',1,'2020-09-20 07:09:24','2020-09-20 07:09:24','2021-09-20 07:09:24'),('4764b82e27798b3f127f3cce84fe481d8db5a77f939834c3c0cde31743d4266f2da8d359002be364',1,1,'authToken','[]',1,'2020-09-20 07:25:02','2020-09-20 07:25:02','2021-09-20 07:25:02'),('482c8af6a13947378b0ef2acb684774121a11c638cb4ad1c7ab490f551695d5ed675835531bcc6ad',1,1,'authToken','[]',1,'2020-09-20 07:13:53','2020-09-20 07:13:53','2021-09-20 07:13:53'),('48a4b12ca32d0f8ebe591d4501ff50e071af06642037d4e3a6503fdb27c1aee77ba3fe5bb4a54d03',1,1,'authToken','[]',1,'2020-09-16 13:39:04','2020-09-16 13:39:04','2021-09-16 13:39:04'),('48db1c7669502e329b3e2979b4f300bf862b952c835e1eee5d8ad1c4df82da9618117caeea8ca816',1,1,'authToken','[]',1,'2020-09-16 13:35:02','2020-09-16 13:35:02','2021-09-16 13:35:02'),('4957dd4173221734dde55345b8d2cf2a42f2c2747343c3a5f784553bf6d80ee81ecea426f4218261',1,1,'authToken','[]',1,'2020-09-20 08:23:49','2020-09-20 08:23:49','2021-09-20 08:23:49'),('497c24c8f4e39866c2feddece60b7760a2feca57fefb2e9c2c9180013fba54463f66f631ee783199',1,1,'authToken','[]',1,'2020-09-16 17:14:11','2020-09-16 17:14:11','2021-09-16 17:14:11'),('4a081f882671d05a9d2f636734b33f5d108cc8a5776f4f9e9f5b923aadfc98802de544c080df327f',1,1,'authToken','[]',1,'2020-09-20 08:09:34','2020-09-20 08:09:34','2021-09-20 08:09:34'),('4a3fb18409a67c4856d38992ba88e92fc22d08f2252f33349d775c5ba2e978ac0e624be23496073e',21,1,'authToken','[]',1,'2020-09-21 12:20:47','2020-09-21 12:20:47','2021-09-21 12:20:47'),('4aa75ac147623ee5e6c26400cdc884fcd7972c0d1c3cf083fed92e395f0532ac67688c958c7f5ef4',1,1,'authToken','[]',1,'2020-09-18 04:29:00','2020-09-18 04:29:00','2021-09-18 04:29:00'),('4aac3d6096af53c6451b4f3f85ebe2f6a4bb18c0773c2ddee19fa0c442d9e3db5264f2f55554c7a0',1,1,'authToken','[]',1,'2020-09-20 07:58:32','2020-09-20 07:58:32','2021-09-20 07:58:32'),('4ae5fa821586017eaa088947077b0060c7d9e66bea2424a4a62083df74c3d6c458afc1caf092ab12',1,1,'authToken','[]',1,'2020-09-20 08:03:15','2020-09-20 08:03:15','2021-09-20 08:03:15'),('4be43a5d29d3ccae4bdf9eee024accd7b853c944785d29cef6be794b229208d9556d615c862c3ddb',25,1,'authToken','[]',0,'2020-09-22 14:56:30','2020-09-22 14:56:30','2021-09-22 14:56:30'),('4c9ec28afab7a5c660d28d667c02fc03ad03ea798d9ae1cc8cc889f60ffaef5745e9b82abc3bd1d9',1,1,'authToken','[]',1,'2020-09-18 13:27:44','2020-09-18 13:27:44','2021-09-18 13:27:44'),('4d31a62c2518fd432c58247bf93cb804e03ecc864267ce96b233ff8764a9e9c6f8764b9693e20d24',21,1,'authToken','[]',0,'2020-09-21 12:43:17','2020-09-21 12:43:17','2021-09-21 12:43:17'),('4d36a52761bbd1b805cf76c5ba2fa66cb5bbb777efc44ad6bf94a7c345d3da247758fb48ad11f060',1,1,'authToken','[]',1,'2020-09-16 13:48:59','2020-09-16 13:48:59','2021-09-16 13:48:59'),('4eef167a2fb4f5464fe96cda6043aeb66f122419c819f0de32705bdb43c3e3dfe75a363943809e8c',1,1,'authToken','[]',1,'2020-09-16 16:43:53','2020-09-16 16:43:53','2021-09-16 16:43:53'),('4f48774b1812b9ff0e86aacbdb9ceb8af2799a125b2995a1a1ff198c3dfc5a24e60bde85332ef753',1,1,'authToken','[]',1,'2020-09-17 01:45:39','2020-09-17 01:45:39','2021-09-17 01:45:39'),('4f89637b53db4ccf08fb66b84eacf7d834f67e172b9f5ea8d21432acc1f5d5e93321767e6a47dc1a',1,1,'authToken','[]',1,'2020-09-18 01:01:53','2020-09-18 01:01:53','2021-09-18 01:01:53'),('4ff50b77aef18d9c3e8d0d1bc5588e315d746446e1748f6d6db46f210e9ba6f6abbb4fe04278cd88',21,1,'authToken','[]',1,'2020-09-21 12:27:36','2020-09-21 12:27:36','2021-09-21 12:27:36'),('50045418254dcf23e9f4264c7db791d44e7773b68b1a0cfd59a118d54a008db883e558577cf34698',21,1,'authToken','[]',1,'2020-09-21 12:21:02','2020-09-21 12:21:02','2021-09-21 12:21:02'),('5004f867649b96a0e9d2df64a19b3e7771a1b480cd2d78e9d473520b0e586be07859c5ba6ba824e0',21,1,'authToken','[]',0,'2020-09-21 12:42:31','2020-09-21 12:42:31','2021-09-21 12:42:31'),('50ab649099dce46e0ba878a11991d26b52d128856a1963ab073d7624928d9d74451f1136fd4f82d2',1,1,'authToken','[]',1,'2020-09-20 07:25:47','2020-09-20 07:25:47','2021-09-20 07:25:47'),('5139dd129777fb935959dfcf21ab5aca29ef9faa3ae590b8101a03423aad376463e5bcfc77145499',1,1,'authToken','[]',1,'2020-09-16 17:28:41','2020-09-16 17:28:41','2021-09-16 17:28:41'),('5293bc6a20b14f0f2a2c2f33c45072ab9a9eb66f5a33fbbb7c8f1ec8db91c17c4a19a37d8719958d',1,1,'authToken','[]',1,'2020-09-18 04:29:00','2020-09-18 04:29:00','2021-09-18 04:29:00'),('52b5e29b5c66f949aee50edf175e4d4627bf0cb4c7db1e6c92ee46543c14c2ff104784e2c353c60f',9,1,'authToken','[]',0,'2020-09-20 10:51:52','2020-09-20 10:51:52','2021-09-20 10:51:52'),('53a6bc81e1859ad31d3dd1ba1893971184e71082d3015b610d9b9f2e3799783853813ca30ef737ff',1,1,'authToken','[]',1,'2020-09-20 07:13:07','2020-09-20 07:13:07','2021-09-20 07:13:07'),('53e8729b2fea38e1222f31ed83085fee682d19c9bb0ea0490a986ecd25f06b7636426ff7df3df6e7',1,1,'authToken','[]',1,'2020-09-20 07:01:58','2020-09-20 07:01:58','2021-09-20 07:01:58'),('53fa19f4613d1f83a6157c9df8d282040d252baccae04093ff910dc3f12dd9c442d60bf5620dbde1',1,1,'authToken','[]',1,'2020-09-16 14:47:03','2020-09-16 14:47:03','2021-09-16 14:47:03'),('53fc7de937fb10afeeedf9a6b168aae1b138d274b94ecd0a984a539614f0e77dec707aa404c46d88',1,1,'authToken','[]',1,'2020-09-16 17:36:32','2020-09-16 17:36:32','2021-09-16 17:36:32'),('543e9a6f9a39ad17328bcbbae4aa1b07fdbb4e2a4d8d38ef833cf26259e23b8cfb10143e5072ba0f',1,1,'authToken','[]',1,'2020-09-16 17:12:18','2020-09-16 17:12:18','2021-09-16 17:12:18'),('544ad382b274d15b97ffa879a35237d4e04df39e442be5fe95484ff152eba570e4ee099912959be8',1,1,'authToken','[]',1,'2020-09-18 04:29:06','2020-09-18 04:29:06','2021-09-18 04:29:06'),('5499dc61625e64a21eee9d8728f2b8436ae268710e81f5468f88d4d499f4027c390e9043a7a355b7',32,1,'authToken','[]',0,'2020-09-21 13:20:08','2020-09-21 13:20:08','2021-09-21 13:20:08'),('5550139653d6b45977b8460bb754a91695c337f486698f46ba04ebd4cab643ad8ee7284d1d82d379',1,1,'authToken','[]',1,'2020-09-16 17:14:24','2020-09-16 17:14:24','2021-09-16 17:14:24'),('55d368be7486c11b14e7ecd55b30a4044f629b10f8caf619dc2275a6a1deeb86f283c56c9c8e7fd1',1,1,'authToken','[]',1,'2020-09-20 06:53:39','2020-09-20 06:53:39','2021-09-20 06:53:39'),('55eaf83c57eff4f1e0b9accfd16c7c1f8b5293c428b07d1a5a777ec530c5bead6e19ca60abd0e4d1',1,1,'authToken','[]',1,'2020-09-18 12:07:10','2020-09-18 12:07:10','2021-09-18 12:07:10'),('5679ce04b44170f821207b49d58b7963bcff0394dd7e929be76a6c07cc4174e9667c42bc0838b669',1,1,'authToken','[]',1,'2020-09-20 10:09:53','2020-09-20 10:09:53','2021-09-20 10:09:53'),('56d6eb132c8aeca117e307a6c368e504a0926f40fc194e1f5e9c261b98f46f8c92d0778b42bbdfcf',25,1,'authToken','[]',0,'2020-09-22 14:56:30','2020-09-22 14:56:30','2021-09-22 14:56:30'),('5717fd9c3db1ac0d84e9e3d0c2d154842d6f345ce29f5725598b5e20671bfe76e9cb069e5a062047',25,1,'authToken','[]',0,'2020-09-22 15:00:33','2020-09-22 15:00:33','2021-09-22 15:00:33'),('5730c144321c458eb08334479e2973f9d6c7a378ed0fac117c839f4de5319714f934a3ad1b2db67b',1,1,'authToken','[]',1,'2020-09-20 08:08:53','2020-09-20 08:08:53','2021-09-20 08:08:53'),('57c1b5c6c6a9ac9911f20f422107b4f6c865ea48ad02f682d7b4f54bfc7c58338849df3c36861141',1,1,'authToken','[]',1,'2020-09-16 15:58:08','2020-09-16 15:58:08','2021-09-16 15:58:08'),('57f3651190c08dcb570fe4dab2a16252279f22b53ea895cc45fe9aee9ce984a3d20aa3c0fd92c653',1,1,'authToken','[]',1,'2020-09-18 12:11:06','2020-09-18 12:11:06','2021-09-18 12:11:06'),('599d95e2bf9b1be2d47c32362e7396bdd199a1981a3171612ef5cad33139725525c611509c4b47e3',21,1,'authToken','[]',0,'2020-09-21 12:42:50','2020-09-21 12:42:50','2021-09-21 12:42:50'),('5b07d0782571523b3f71d0a2ab98cbd8fdf3911426f8fe85ba60889dc218ea935707c99f7aa55bb2',1,1,'authToken','[]',1,'2020-09-18 12:07:11','2020-09-18 12:07:11','2021-09-18 12:07:11'),('5b69f4c921b5fb578926527ccdd4caf7680f0b2fac21884acbf6f3f695ed5a79b3d40f279534ac19',1,1,'authToken','[]',1,'2020-09-20 07:20:36','2020-09-20 07:20:36','2021-09-20 07:20:36'),('5b93fec2ec2186ce6f4842c2885298b7166042c64bbeb34af8e768e7b54dbf098f8edda8f04a4e95',1,1,'authToken','[]',1,'2020-09-20 07:31:28','2020-09-20 07:31:28','2021-09-20 07:31:28'),('5c60a61ffed6ccc4a3b8a73965b0eceb52d60946d3629092a93e19193bdc7a0f3e9e4b51e385e1bd',41,1,'authToken','[]',0,'2020-09-21 13:47:37','2020-09-21 13:47:37','2021-09-21 13:47:37'),('5c8ad47a6bd99e52b536466f7966599bbba87e1a8a47c2357aa873c5394fe6e9e674e1e0c384fe31',1,1,'authToken','[]',1,'2020-09-20 07:16:22','2020-09-20 07:16:22','2021-09-20 07:16:22'),('5ca9d99faca5a3941cb238f33f997b6747cfe6e42a921a9b63566455c5f19b655188c20e1d31104c',25,1,'authToken','[]',0,'2020-09-22 15:00:33','2020-09-22 15:00:33','2021-09-22 15:00:33'),('5ce660de769b88748355e1f3132c292164bcf940bce341ea0ed48fe4306d5dab602a934872f5a480',1,1,'authToken','[]',1,'2020-09-16 17:28:59','2020-09-16 17:28:59','2021-09-16 17:28:59'),('5d2c5c791c226dd19b41beaa4930f9ade964c0af9b46f1dd92b54329dcafd380076ecc0a9811d221',1,1,'authToken','[]',1,'2020-09-20 07:16:31','2020-09-20 07:16:31','2021-09-20 07:16:31'),('5d409ee396e2aaaa2b6ae2517e5e7f235112f12dfd4377af36d689f4fa8ba67b2b4fe5ebc00964ad',1,1,'authToken','[]',1,'2020-09-20 07:41:30','2020-09-20 07:41:30','2021-09-20 07:41:30'),('5d64f81e92dfd6e8a93f1bf6dd605244fb8b6367c46daf99d6fdea57ba1dc5d54128aa4864ff708f',1,1,'authToken','[]',1,'2020-09-20 08:03:15','2020-09-20 08:03:15','2021-09-20 08:03:15'),('5db7cb1ad191fe457a30020a6743ef9f606b174fd78d8f12502a72b8c28c212e9fb86160866545c9',1,1,'authToken','[]',1,'2020-09-20 08:01:17','2020-09-20 08:01:17','2021-09-20 08:01:17'),('5e8392fb6351d72c8cf2b1d0d64b1fd3f18633067a5ce9cd83088699ff96bcb5fcf508199d86991c',25,1,'authToken','[]',0,'2020-09-22 14:57:19','2020-09-22 14:57:19','2021-09-22 14:57:19'),('5e8fdcc7c82c9bbf6123c3a57a49b0a97048917667710400bb78be15e62dd12252bfa8e14c24d71d',1,1,'authToken','[]',1,'2020-09-20 08:08:39','2020-09-20 08:08:39','2021-09-20 08:08:39'),('5f47d40c646376ae9711eca93fc341246355cfb47cb6ee028704a8859ecd35fc29811e2fe749b3dd',1,1,'authToken','[]',1,'2020-09-16 13:48:52','2020-09-16 13:48:52','2021-09-16 13:48:52'),('5f7cecd81ea596ca3803f8285cfd3b3a3a6974c523ffae2f9ac6f31f43317a2614def568f3840d1d',1,1,'authToken','[]',1,'2020-09-16 13:54:14','2020-09-16 13:54:14','2021-09-16 13:54:14'),('5ff465d5de0b09a7d6f81c2534dda83f5d28ef40d566eb78e2f4bafbfc841ce0cdaea221fd5c4f55',1,1,'authToken','[]',1,'2020-09-16 16:37:13','2020-09-16 16:37:13','2021-09-16 16:37:13'),('6057f0785ebcf81f107e3f55866d5816a852469648f251224ac88a656bfbbc9b48d4291c87d356fe',1,1,'authToken','[]',1,'2020-09-20 07:31:28','2020-09-20 07:31:28','2021-09-20 07:31:28'),('62117bab80ed3531661ee07ef2acd84519b02b66f97db1f02fb34201ee2a6652747c993e40919c61',1,1,'authToken','[]',1,'2020-09-17 13:26:09','2020-09-17 13:26:09','2021-09-17 13:26:09'),('62badd571c848757ddd56c9c76a0c03caf5218f36a5c9846cfe5a7307067102878c3d899e314118c',1,1,'authToken','[]',1,'2020-09-20 08:13:21','2020-09-20 08:13:21','2021-09-20 08:13:21'),('6325c85f6ec15e279db6e5256f35fd0d5be3c5b87e114573f4b1d19cece0608cb79448cf77de01aa',9,1,'authToken','[]',0,'2020-09-20 11:01:08','2020-09-20 11:01:08','2021-09-20 11:01:08'),('6349bf3a6978e5eb46db6dc0ecd6d65b16463eb0f07a99d719a0868f37de7f1e0aeb276d36be6065',32,1,'authToken','[]',0,'2020-09-21 13:19:51','2020-09-21 13:19:51','2021-09-21 13:19:51'),('6391222b243c580c9cf7d6c8d570bab1f7eb38a92a3a6a10eaa03025696356a4be7cec18606c5acf',25,1,'authToken','[]',0,'2020-09-22 15:00:33','2020-09-22 15:00:33','2021-09-22 15:00:33'),('64a0a5120aeee4fa02d7e2ea03bd54eaa1ef18126a96a0719f92148f41f2595272a8d394c7c95f13',10,1,'authToken','[]',1,'2020-09-20 14:04:35','2020-09-20 14:04:35','2021-09-20 14:04:35'),('64ab345f0f440b71c0ea95063dd7fefa1044d4e95738bc40eaa89d98c3708b7f88efe378c9bb8c16',49,1,'authToken','[]',0,'2020-09-22 03:03:59','2020-09-22 03:03:59','2021-09-22 03:03:59'),('64c6215e3b75335e7705f1bd177f20113663fcec4c695ae46160513dde4189c0ed94100fd889b740',1,1,'authToken','[]',1,'2020-09-20 07:31:02','2020-09-20 07:31:02','2021-09-20 07:31:02'),('64d412a736dc96eb15bd96018a0a08dc2f86299c4a5273839176afd1309b7557c82552b6a6d025ac',1,1,'authToken','[]',1,'2020-09-17 13:26:13','2020-09-17 13:26:13','2021-09-17 13:26:13'),('64f6dd5a62fac57f1a8862ed92a5551191c93a9c36950abfa6e2c99f11b09b2a672ea117f48beff0',1,1,'authToken','[]',1,'2020-09-20 08:19:30','2020-09-20 08:19:30','2021-09-20 08:19:30'),('650a1c4e91dbee5ef06c06d69f73cf1d86f1925c77e712826f9d8b4644fd9b97efcdf0901f32c2d2',1,1,'authToken','[]',1,'2020-09-18 01:01:58','2020-09-18 01:01:58','2021-09-18 01:01:58'),('651e3b62b0f6fb829c4ae3f9c5db5686d223b1621f66954411ced06c8523ecee6aad7565abb89813',1,1,'authToken','[]',1,'2020-09-18 12:10:03','2020-09-18 12:10:03','2021-09-18 12:10:03'),('6577213bda261d117ac5e2cb9ae23fee8b9e33ecc7e8c19b0773a988d596d2203622684b19577cc6',8,1,'authToken','[]',0,'2020-09-20 10:25:47','2020-09-20 10:25:47','2021-09-20 10:25:47'),('658c655e38a8c5e6ab1cf102aaaa8caee9b7ac7e8db2816073a3cb3c42c559aee258a726b439c813',1,1,'authToken','[]',1,'2020-09-20 07:20:47','2020-09-20 07:20:47','2021-09-20 07:20:47'),('66431897feb7f7849d21bf695e6250c6cf09e155db3a51b72237fe5fbca8acf94edff6d081ed1b9e',30,1,'authToken','[]',0,'2020-09-21 13:17:49','2020-09-21 13:17:49','2021-09-21 13:17:49'),('674a0280ec1a21b9c57bc7dc902f682fe33c6ac05cade2d4cb04c890844e3a9905ceb8f1cc6c0b97',1,1,'authToken','[]',1,'2020-09-20 08:31:56','2020-09-20 08:31:56','2021-09-20 08:31:56'),('6760caaa9cfa4f66903ddd9f18557ce6e22cdf812b4464505b49b62d6381d6d8d35ce792aa8856af',49,1,'authToken','[]',0,'2020-09-22 03:03:59','2020-09-22 03:03:59','2021-09-22 03:03:59'),('680bd37207c38d6d4be5c18347dd235ae6768da554aac9f5e56c660b08ab991fe484b40537c286f8',1,1,'authToken','[]',1,'2020-09-20 08:23:55','2020-09-20 08:23:55','2021-09-20 08:23:55'),('6831dc538897ebea491f265aed3f5498c027497aadc9c9a70901bfdc03286d715fecf152157633c8',30,1,'authToken','[]',0,'2020-09-21 13:17:49','2020-09-21 13:17:49','2021-09-21 13:17:49'),('684383be350d4d49f1b08bdb5e3fed103ba45f48781127d282b6e07479852a9e0dafaa4757d521d2',1,1,'authToken','[]',1,'2020-09-20 07:31:43','2020-09-20 07:31:43','2021-09-20 07:31:43'),('68a8ce088029977f0e9475fa4da6dcdac203c0fcad8ffe5c6cc1a6e25a1b6b9003aed2410b10dccb',25,1,'authToken','[]',0,'2020-09-22 15:00:33','2020-09-22 15:00:33','2021-09-22 15:00:33'),('68acdd250f2dab87d36ad97a978d6ad9fc42efa83c5bd94c3434e9ddbcbfe7c9f702e34192088301',1,1,'authToken','[]',1,'2020-09-16 17:16:12','2020-09-16 17:16:12','2021-09-16 17:16:12'),('68cdcfb89d2b3a1ff4c52c7faa0cace90be0a1c42cedc89032d0b4d8a6e6414cd0bfb52b9b49e5ed',9,1,'authToken','[]',0,'2020-09-20 10:44:57','2020-09-20 10:44:57','2021-09-20 10:44:57'),('690b4929520023af8caf443c00ee0ce0367930d048642c49e049c74cc8751a7499d98f38910f19fb',1,1,'authToken','[]',1,'2020-09-18 13:30:15','2020-09-18 13:30:15','2021-09-18 13:30:15'),('6942597233095706dda0125831921a9cdb6db73d734ab01e65d590ad3eec94b58c6f259756c9c44b',1,1,'authToken','[]',1,'2020-09-16 17:31:49','2020-09-16 17:31:49','2021-09-16 17:31:49'),('695266316ce1e7219cca2e262877d27d07983d2f77b88049b739b45716355e95fa9a9b51430edcc7',1,1,'authToken','[]',1,'2020-09-16 17:12:06','2020-09-16 17:12:06','2021-09-16 17:12:06'),('69b8c42dd4dd148f4e85a7a9e95aba506b3d097c26d903546f941ee446368c1706495bbf32a8d54e',1,1,'authToken','[]',1,'2020-09-16 13:39:03','2020-09-16 13:39:03','2021-09-16 13:39:03'),('6a3e26630c983da5bb5caf80de8fc067ad35ed5d7140db76d17b2120521a9d5d7727d17412660f28',1,1,'authToken','[]',1,'2020-09-17 01:43:37','2020-09-17 01:43:37','2021-09-17 01:43:37'),('6a51abc1dc383579c7573cbb16543cf70eb71a82b12adcea4faf275578d9c86aeffad69a8e0655c0',1,1,'authToken','[]',1,'2020-09-18 04:29:05','2020-09-18 04:29:05','2021-09-18 04:29:05'),('6adebece822b798f4313eee3c75c324e04c518665456ef4cce5e7f896b531bccb455c971ef1b69c0',1,1,'authToken','[]',1,'2020-09-17 02:00:37','2020-09-17 02:00:37','2021-09-17 02:00:37'),('6b65450f1d837ba4e8bc4cb25f6cb0e476c5995dbb74f9eb44c37d25bc3f9f4b20422b08fd693ffe',1,1,'authToken','[]',0,'2020-09-22 11:16:19','2020-09-22 11:16:19','2021-09-22 11:16:19'),('6b898f12538258242afabf1443381bd02b8b3b1341a1e787c9320567bf5995c451fb893cc5157acb',1,1,'authToken','[]',1,'2020-09-16 17:28:57','2020-09-16 17:28:57','2021-09-16 17:28:57'),('6b8b70d54cb449d80e6af0c2653debdf5cd78082bd5453d8c80e73b179500d7525663a0d8c745bda',1,1,'authToken','[]',1,'2020-09-17 11:34:38','2020-09-17 11:34:38','2021-09-17 11:34:38'),('6cb24705687250f879df76b26572a562da6e59a8d2a5289177a16080a6a7014db8303af020a504fc',1,1,'authToken','[]',1,'2020-09-16 17:17:33','2020-09-16 17:17:33','2021-09-16 17:17:33'),('6d98c5d4b26d5f1776bffc4e4c6dd1981e864fe63c39ac1e06bf4d2baef2aee93ded357ea914ac84',1,1,'authToken','[]',1,'2020-09-16 16:43:55','2020-09-16 16:43:55','2021-09-16 16:43:55'),('6e3550924435f7512b2d3a8667c27d40a81200c3c9f428d162c7024527cbd709e2a122e44e085c7e',1,1,'authToken','[]',1,'2020-09-16 17:12:07','2020-09-16 17:12:07','2021-09-16 17:12:07'),('6e56627128ac5aa47d1a003abdf1981152656d0635cc268fe059c6c5a4a69be372a42c41588b3dd2',49,1,'authToken','[]',0,'2020-09-23 14:46:21','2020-09-23 14:46:21','2021-09-23 14:46:21'),('6e7630efbbf099db3d80aafa297caac35144ad870b6293cda574eaf527206a55ed03c083ca653d4e',1,1,'authToken','[]',1,'2020-09-17 11:18:27','2020-09-17 11:18:27','2021-09-17 11:18:27'),('6eb2d9204ce6094dbb2381175acb7846f4d0cf799d8c3e4458ee341f4777ac2344391c9f26a2cff5',1,1,'authToken','[]',1,'2020-09-16 13:34:54','2020-09-16 13:34:54','2021-09-16 13:34:54'),('6eb77ab5db1a8cfabb0a4d36bfab58dd2f5dc9f8a88427e74a4abed44c09c0cfd232ebc9011488f4',1,1,'authToken','[]',1,'2020-09-16 13:39:05','2020-09-16 13:39:05','2021-09-16 13:39:05'),('6f0573455a19446cd3a48cfe3c6d39b5799b101f4ca5d8640cde09443ccfda6cc7b690e6955d4ca3',1,1,'authToken','[]',1,'2020-09-16 17:12:14','2020-09-16 17:12:14','2021-09-16 17:12:14'),('6f3971d812cc10bb519cf2fbf9c906bbe577c65d7fecb4c5239c84ab489ac14426cadb45a7800646',1,1,'authToken','[]',1,'2020-09-20 07:41:16','2020-09-20 07:41:16','2021-09-20 07:41:16'),('6f55855dfaaa8693617f19aaac71788175b9b681fdeab5d7d9e65bfb4b977bfe0bef54eebc7a418d',9,1,'authToken','[]',0,'2020-09-20 10:57:58','2020-09-20 10:57:58','2021-09-20 10:57:58'),('6f8e5e5169d133e7b116e65512eb301ec221218a355ac1bc10b091bdbc6e1e22f22df62c656a3e2e',21,1,'authToken','[]',1,'2020-09-21 12:14:38','2020-09-21 12:14:38','2021-09-21 12:14:38'),('6fa93015d2868fe6786b36f8efd1fdc7feb599b2366278c1066e3b1affb63bc50b4c549aae515fa7',1,1,'authToken','[]',1,'2020-09-20 07:34:18','2020-09-20 07:34:18','2021-09-20 07:34:18'),('70987a61301580a5867ddbb83a7e4b04b3418e4c0bcc0ecbddfc738b9067f81f7f63708ca98b2dbb',1,1,'authToken','[]',1,'2020-09-16 17:13:07','2020-09-16 17:13:07','2021-09-16 17:13:07'),('7202ac1290906206839de6a3de793906f7932b4c0f06a1a05a0339b0e43d95500a080dadaaef2b3f',25,1,'authToken','[]',0,'2020-09-22 15:00:33','2020-09-22 15:00:33','2021-09-22 15:00:33'),('732172b2d6e556616c4fbf31c6b3f03866906622632eace7706774520b714ec08cec11a91e5cd464',1,1,'authToken','[]',1,'2020-09-20 08:10:16','2020-09-20 08:10:16','2021-09-20 08:10:16'),('735d46005113e1c68d1f56d854236027422154753db35d7a341a0b0df7a9c306447480b1bae1c6f5',1,1,'authToken','[]',1,'2020-09-17 01:47:04','2020-09-17 01:47:04','2021-09-17 01:47:04'),('73d6a61310bddcf161b90c44c750ec059a3378054878fca1ef14b12250a8698690ecd21237aca41a',1,1,'authToken','[]',1,'2020-09-16 15:02:58','2020-09-16 15:02:58','2021-09-16 15:02:58'),('7400cd513dd191e951f2e69e8d528989b550d3d50169ea5f646d8d615e28c1ef22c06b850c2f247c',1,1,'authToken','[]',1,'2020-09-18 12:21:04','2020-09-18 12:21:04','2021-09-18 12:21:04'),('750b8f54c6b402023e0cd0d27f49ba6da7f1280f889daeab1dedf753de41965679267f8a5354401a',25,1,'authToken','[]',0,'2020-09-22 15:00:33','2020-09-22 15:00:33','2021-09-22 15:00:33'),('75a0016248d9152b9c45b8fc880fba2c7d6c986ff5830984cc53415e69341f9af7e6ebc70ba3856f',1,1,'authToken','[]',1,'2020-09-20 07:31:33','2020-09-20 07:31:33','2021-09-20 07:31:33'),('75c4f35c1222dae79fb9d806d0c347f7be3651273606f40d0fe1317d2c6b4f54694f564b665a0644',25,1,'authToken','[]',0,'2020-09-22 15:00:36','2020-09-22 15:00:36','2021-09-22 15:00:36'),('75f7ded2d5924d9206e6b7492e2c2cedee24589f0ef040aaef7ccc07a201514eef08b7d17078a653',21,1,'authToken','[]',0,'2020-09-21 12:43:08','2020-09-21 12:43:08','2021-09-21 12:43:08'),('768da9452ac78f8822c0cc2bfee58f1720dd59c407230db1bb6037a3eb271e5d8ed545e3d2098748',1,1,'authToken','[]',1,'2020-09-20 06:46:33','2020-09-20 06:46:33','2021-09-20 06:46:33'),('76e404c216e79e96b4d1355c1a87c37aa1abb53b5594f0c9a687bbbbd06e0e69d482d6cb37a87eed',1,1,'authToken','[]',1,'2020-09-16 17:23:46','2020-09-16 17:23:46','2021-09-16 17:23:46'),('792a2ca1dd83cb7834cc2317d5d25b294de48c89dc95fdec0804d2f8f1271f196aac4eaf4316aa4e',9,1,'authToken','[]',0,'2020-09-20 10:50:50','2020-09-20 10:50:50','2021-09-20 10:50:50'),('7982764a735d3c40d0fc08122ffa71df25593781ad670e0216ae72bcd903f1b2b56e900daca25873',1,1,'authToken','[]',1,'2020-09-16 13:46:06','2020-09-16 13:46:06','2021-09-16 13:46:06'),('79d9c48b57358f43120df9fb31c2398f2d77bccd2fe3f5a2d9e4b02b66ed5bfcdb7dce7e479aa79b',1,1,'authToken','[]',1,'2020-09-20 07:17:49','2020-09-20 07:17:49','2021-09-20 07:17:49'),('7a0033fd16c58516f8dcb1ff6e0d4cdb123e0d20d124fb402322ebb308e2e80aa3c8cb0718de1b06',1,1,'authToken','[]',1,'2020-09-18 13:34:48','2020-09-18 13:34:48','2021-09-18 13:34:48'),('7a640a4bbf79101c1645dfcba14dc9ce5ed520495882110ef743129699c1ef4b5767497816dce9f2',1,1,'authToken','[]',1,'2020-09-18 01:00:29','2020-09-18 01:00:29','2021-09-18 01:00:29'),('7b28c0d47ab6f0aa8756cb28af97da2aa2e6b26805aa8f842b785f95ca30a5b03036782c69b6e8e8',49,1,'authToken','[]',0,'2020-09-23 14:40:06','2020-09-23 14:40:06','2021-09-23 14:40:06'),('7c7756c78fd5b341a7d059b2caffe8d8edd7612df6892d05295b7e153b5900ec0fb8635e83651c60',9,1,'authToken','[]',0,'2020-09-20 10:58:49','2020-09-20 10:58:49','2021-09-20 10:58:49'),('7d051771d37745066e4f09073a9948560b1595e9e34d05d89d4172498171f98f4ade3bf16f2f9524',1,1,'authToken','[]',1,'2020-09-16 13:35:29','2020-09-16 13:35:29','2021-09-16 13:35:29'),('7da82871233f35e198248bef222c2428676d1798985ae99c4f8ec23a9e3ec7c03d61772a0005dcad',1,1,'authToken','[]',1,'2020-09-16 17:12:18','2020-09-16 17:12:18','2021-09-16 17:12:18'),('7ddf5e171074090fe97548a12261f5ebad9bf7a64bd4974d7ad4dbf7fe59c966eaff8d025f739caa',1,1,'authToken','[]',1,'2020-09-17 11:19:31','2020-09-17 11:19:31','2021-09-17 11:19:31'),('7df89f3a6f848cf78ce2e8ba7c972f6fd39ba9396d42f49b22c65f9970853fea70c6f118d0c31a22',1,1,'authToken','[]',1,'2020-09-20 07:30:03','2020-09-20 07:30:03','2021-09-20 07:30:03'),('7ed7ee5ce5a7b9e93f899be6601191450ada8b0d5d2020374739f774642fc640dfa9468e4f148fdb',1,1,'authToken','[]',1,'2020-09-20 07:16:56','2020-09-20 07:16:56','2021-09-20 07:16:56'),('7f05f2434e349734d4c3d0b2dadb3f131dcfffc599b480a3990b4ea0fe02c87c9ead26bb0beaf145',9,1,'authToken','[]',0,'2020-09-20 10:42:22','2020-09-20 10:42:22','2021-09-20 10:42:22'),('7f3675f90e3296f1d1d41ff2af98d72d2ef9db1d0ba908b962fee7fb17990ec11acf72a8727a4ff8',39,1,'authToken','[]',0,'2020-09-21 13:42:43','2020-09-21 13:42:43','2021-09-21 13:42:43'),('7f5803e91bcd2f8a569b982d403a9885798d6faca584dfbf91d91816e6cb405092b923b6bc80c6c6',10,1,'authToken','[]',1,'2020-09-21 12:39:54','2020-09-21 12:39:54','2021-09-21 12:39:54'),('7f6b0b7d264916ff371a1042d8a6d96a6d3c8e8b40b4e6f7af1244235045669f8ef447313c622395',1,1,'authToken','[]',1,'2020-09-16 13:50:34','2020-09-16 13:50:34','2021-09-16 13:50:34'),('7fc7cd63d526a6f232d420e7b37aebc08917c4def994bea74bb6c1fd8b3e45779bb32290780bd2ae',1,1,'authToken','[]',1,'2020-09-20 08:23:55','2020-09-20 08:23:55','2021-09-20 08:23:55'),('7fd6ca521c628206c5be8e23bc477c9e88ef3ead9514f790920e3faa5c48d24323868bfaf235af82',1,1,'authToken','[]',1,'2020-09-16 15:58:02','2020-09-16 15:58:02','2021-09-16 15:58:02'),('7ff1a0abfe1df2631c28325a6e3258d5797f3f3999777de6c954383e0f328683d1b7ec394647176c',1,1,'authToken','[]',1,'2020-09-18 01:01:51','2020-09-18 01:01:51','2021-09-18 01:01:51'),('80097cb28b97ee3be72e35f5173fcc5b46127eec3487f6f627aae4ed3b6580dc637ebaeb715dd903',1,1,'authToken','[]',1,'2020-09-16 17:17:04','2020-09-16 17:17:04','2021-09-16 17:17:04'),('80e4b17dc9d1fd7dc483a7b9a119abc4468ae4587942b8d68dc8f9c012e9798e76c4ef975e5dc848',1,1,'authToken','[]',1,'2020-09-17 01:43:20','2020-09-17 01:43:20','2021-09-17 01:43:20'),('810418e301c4425b868b0c6bbbb450bd70b3e8d335896a2e5019505f59db1a034214736362a064ea',1,1,'authToken','[]',1,'2020-09-18 13:35:27','2020-09-18 13:35:27','2021-09-18 13:35:27'),('81c82e1ecec7f50f7f3064ad6b71bbf6fc5f22995de2ad39298508eda9ab29269de6532a0dca8f96',1,1,'authToken','[]',1,'2020-09-16 17:23:50','2020-09-16 17:23:50','2021-09-16 17:23:50'),('81f997d8c6e5bd6469a3514c9da32af7ce94c5690c162e465d34358196b6926988e456b6d3192a4c',1,1,'authToken','[]',1,'2020-09-20 07:09:24','2020-09-20 07:09:24','2021-09-20 07:09:24'),('8291cc5276f02f2507fa465b2aff171c0a830550a0f70660ccb05f76c55ae43c89367bf90b32ceeb',1,1,'authToken','[]',1,'2020-09-16 17:23:10','2020-09-16 17:23:10','2021-09-16 17:23:10'),('829bf67e2851106990601242ec776d2347d3580318ce4e1d055344ffc57d333c30369c8f217000c2',1,1,'authToken','[]',1,'2020-09-17 11:37:31','2020-09-17 11:37:31','2021-09-17 11:37:31'),('82e6c2ec2e41ebced37fc1c7bd0e6ac61b25f889e2197cdfe54f2be652d606c0a610b989a615d0e4',1,1,'authToken','[]',1,'2020-09-20 09:43:02','2020-09-20 09:43:02','2021-09-20 09:43:02'),('8346e537117272671fe396ff4542160d050b0006cf573d6ddf1e636f1adf58c4f044506b8a0ce772',1,1,'authToken','[]',1,'2020-09-16 13:48:59','2020-09-16 13:48:59','2021-09-16 13:48:59'),('8389e46eef06dd75a547a0a8460a41633d20120a3b0a01358e39c86f7921b88a9cd330e9b5af8365',1,1,'authToken','[]',1,'2020-09-20 14:32:26','2020-09-20 14:32:26','2021-09-20 14:32:26'),('83ff1592104793a6952664d210a5835af391473b8c51bf7b5d04c7594b8b321ada9c69d8f3ab12e8',1,1,'authToken','[]',1,'2020-09-20 07:16:24','2020-09-20 07:16:24','2021-09-20 07:16:24'),('8482928a8d581900dd5b6105fe7f39a3ea61db0de6105240cc8733d794f2fe2e3ae5b84793e4b749',1,1,'authToken','[]',1,'2020-09-20 08:33:05','2020-09-20 08:33:05','2021-09-20 08:33:05'),('849603e18d7c034f6960ddb4f839641ddc2ee8415e5b763e49147673278b74dd4528969afa5b2b01',25,1,'authToken','[]',0,'2020-09-22 14:57:12','2020-09-22 14:57:12','2021-09-22 14:57:12'),('84db92b7bdf2c4e7ba3e49320a3feab61fb11779633882c19546562b2e1e29bca7ded16adaa67af1',21,1,'authToken','[]',1,'2020-09-21 12:27:27','2020-09-21 12:27:27','2021-09-21 12:27:27'),('865f8318bc5b4fc276e7e3874aeef681be66cb0d3a4278052be7f557a0798261c1a433d4063f80ee',1,1,'authToken','[]',1,'2020-09-20 07:12:28','2020-09-20 07:12:28','2021-09-20 07:12:28'),('868434af41f741b104882135a0eab52945f2027c5ddd6654a349bcc82d0ad7a6cb61c03f1317a3dc',9,1,'authToken','[]',0,'2020-09-20 11:12:08','2020-09-20 11:12:08','2021-09-20 11:12:08'),('86bde103eda3ec7d7f3f55d434cac1354b526128f8d51dcffd968d2e20565ac75339c5fd86e05635',1,1,'authToken','[]',1,'2020-09-20 07:16:46','2020-09-20 07:16:46','2021-09-20 07:16:46'),('8710318d3fc409876980623ed6101cbc237b67440cffe9594e467d1097c1caf3ac4f40a5e131ae52',1,1,'authToken','[]',1,'2020-09-16 13:57:05','2020-09-16 13:57:05','2021-09-16 13:57:05'),('8735f1ffc099054fed8f9a92e2c138d1c09426a28f19296d9d6e51d9d3670b5acc0b289ffbdbba1d',1,1,'authToken','[]',1,'2020-09-16 17:12:04','2020-09-16 17:12:04','2021-09-16 17:12:04'),('874c8324feac493077b5fbebdc7b257ed84c73f5e299e7e467bc8b26df71d79a84f9628295e00a8c',1,1,'authToken','[]',1,'2020-09-16 16:15:51','2020-09-16 16:15:51','2021-09-16 16:15:51'),('876639375984876ec6c08eac382ad2161d1c3b362ab4b8900ae50a765c3a5059a63f784537059228',1,1,'authToken','[]',1,'2020-09-16 17:12:01','2020-09-16 17:12:01','2021-09-16 17:12:01'),('885d785d5b2f6bd4561f1d47def1e095ba11072219367003604c167d1caf180de4a62253cc04b5ac',1,1,'authToken','[]',1,'2020-09-20 07:30:03','2020-09-20 07:30:03','2021-09-20 07:30:03'),('88a55af10e93b6bfbb76bccf0384f457791e3698a2069ee0771586c69f618604c9f9849f000d3e84',1,1,'authToken','[]',1,'2020-09-16 13:48:52','2020-09-16 13:48:52','2021-09-16 13:48:52'),('88feb7a0d6729704c6daf82bc778891c35e8d8172b9b976eb69a7776bf839873e2b244187bd9a4e7',1,1,'authToken','[]',1,'2020-09-16 12:10:39','2020-09-16 12:10:39','2021-09-16 12:10:39'),('890862cc1f66473045ceaf0cd5c88dd9f0f39f43e35576a54802bdd60d69f65418b5608672969420',1,1,'authToken','[]',1,'2020-09-18 12:10:33','2020-09-18 12:10:33','2021-09-18 12:10:33'),('8a81be0f009d981caff8c495987d0de6d51a791e02dad8a4d48e877f726fa4a1507814f5365f2078',1,1,'authToken','[]',1,'2020-09-16 16:37:13','2020-09-16 16:37:13','2021-09-16 16:37:13'),('8b3aaa169b8602c23055ec79f2d2e06aaea5d3bb7e88c0cfc28db2a14666e7a6e1fac8c74d00732b',1,1,'authToken','[]',1,'2020-09-17 01:43:11','2020-09-17 01:43:11','2021-09-17 01:43:11'),('8b790a1435b7c774297045d1328bb855eb008719dbc7824d0d243f3e6b57bf61e9a096d1838d6ab6',9,1,'authToken','[]',0,'2020-09-20 10:51:52','2020-09-20 10:51:52','2021-09-20 10:51:52'),('8b88c46848e714161146af74156ff47b3a7a4e6f65712cd8387bb7e017a063f68a226b142a85ae71',1,1,'authToken','[]',1,'2020-09-20 08:11:21','2020-09-20 08:11:21','2021-09-20 08:11:21'),('8ba3342c6f77d04b284a8c31c8d31200803e642c73a157a3a111d2310d6819ccb3c00b451d1be1c8',1,1,'authToken','[]',1,'2020-09-20 14:05:27','2020-09-20 14:05:27','2021-09-20 14:05:27'),('8c49de7c5ec55d6ad3b54a2784187e37120892aba1fe3e5aef0f653187221e984ab6f892838f5479',1,1,'authToken','[]',1,'2020-09-20 08:31:56','2020-09-20 08:31:56','2021-09-20 08:31:56'),('8c5961b055665e24a683c4cfa92983c61a2d3f8f812e056afab5ad6dd576888541caa4eee99d4f1b',1,1,'authToken','[]',1,'2020-09-16 13:46:06','2020-09-16 13:46:06','2021-09-16 13:46:06'),('8c78a3ef6d486fe1e965240403ffbf910416e1be250e7442a3d8208e016b23ef42481cac41c9cff4',1,1,'authToken','[]',1,'2020-09-20 08:09:34','2020-09-20 08:09:34','2021-09-20 08:09:34'),('8c87e087f46e4f11339355e2bc76aeaf500a97712ef0ae756157cbb7918ca930e4bd99d4ea0f9999',1,1,'authToken','[]',1,'2020-09-20 07:13:10','2020-09-20 07:13:10','2021-09-20 07:13:10'),('8d43e4ce943b08683f4eed66de74f4c5977e50fcd50b65850b63edbdd5cb13de45f7a9cc2d8b3e8d',1,1,'authToken','[]',1,'2020-09-18 13:26:42','2020-09-18 13:26:42','2021-09-18 13:26:42'),('8da3cf5308f9ce1dcc4b106b91ce034d3fe9969bfb87db30dec0824ad92fa4ba2c508268e3881415',1,1,'authToken','[]',1,'2020-09-20 07:31:43','2020-09-20 07:31:43','2021-09-20 07:31:43'),('8e4ec67ed23cb0fa8a65a7b7fe207892ed804d74eed182d28e80c8fcca950046b8927ecc490fc2e1',1,1,'authToken','[]',1,'2020-09-18 12:24:00','2020-09-18 12:24:00','2021-09-18 12:24:00'),('8e6b1112f533a97198eeac5e7cae161234c81f828237a8e3794c4e4677d32087835106e5fceb0650',1,1,'authToken','[]',1,'2020-09-20 07:07:27','2020-09-20 07:07:27','2021-09-20 07:07:27'),('8f123b12b8f3b451b22c380a1b199e3f3b3765cbf3a38a6522d2eaf095a278387864636a5800b437',1,1,'authToken','[]',1,'2020-09-20 14:32:26','2020-09-20 14:32:26','2021-09-20 14:32:26'),('8f22dd7147940c3196e34c630478d35cc8dd527647b4b34fda4e46b1e1b85fc4bfac3c879625df98',10,1,'authToken','[]',1,'2020-09-20 14:04:35','2020-09-20 14:04:35','2021-09-20 14:04:35'),('8f283571188bbdd613ceb3a611b31b084adfd47c6e31a9a214731dd67bdaf33cd268be3251be9f2f',1,1,'authToken','[]',1,'2020-09-20 07:41:16','2020-09-20 07:41:16','2021-09-20 07:41:16'),('90e03866c3b10351163a47d028b3bdde504d7ebd608506123ed293a3234a1051ae31dade8b68564c',1,1,'authToken','[]',1,'2020-09-18 12:07:13','2020-09-18 12:07:13','2021-09-18 12:07:13'),('90ff4cc1a7e4406c1aa2e5a6ca12fb9a100fa76c3df7d913aeeda4b23b3e71a7cff74838445cfe8b',49,1,'authToken','[]',0,'2020-09-24 09:16:33','2020-09-24 09:16:33','2021-09-24 09:16:33'),('91a0ee951b55be60e7efeadb1183657bd89b38734b3f74e277a2b67bd67ef9177616027e5c22954f',1,1,'authToken','[]',1,'2020-09-20 08:13:13','2020-09-20 08:13:13','2021-09-20 08:13:13'),('9234d06978842dca1feececfb8b8afa3781cf35178edfdb26c42c1429a79148627784a0fb8e1b641',1,1,'authToken','[]',1,'2020-09-16 17:19:13','2020-09-16 17:19:13','2021-09-16 17:19:13'),('928cf065a99092b8b8260e132b1e0fa3611792fdd7b673bdbc7c4019d9083ddb0091afd3ab69e9c2',1,1,'authToken','[]',1,'2020-09-16 15:58:04','2020-09-16 15:58:04','2021-09-16 15:58:04'),('9296a8be2209889148ed64573302f8a0a5d612b9f2d516152f4f582ebc09e81cb45459e2db52da2c',1,1,'authToken','[]',1,'2020-09-20 07:13:11','2020-09-20 07:13:11','2021-09-20 07:13:11'),('9363c14ec82eeb790fc0f1b0d7e919c9cdaf92fea7d623285d87294ba19c2a12efbc55300246bcb7',49,1,'authToken','[]',0,'2020-09-21 14:17:08','2020-09-21 14:17:08','2021-09-21 14:17:08'),('938cb0ec5b76c7d0e285b96c363cb025a8ebba4f6db2f532c1ffca26f7e4961b6a18384646470751',1,1,'authToken','[]',1,'2020-09-18 01:01:49','2020-09-18 01:01:49','2021-09-18 01:01:49'),('93da7718ffcd0fe7f946fd96d3aab5cf6e0ddc313e1ed54f8f2fe85808492580d85eeeb54a6d0704',1,1,'authToken','[]',1,'2020-09-17 01:59:31','2020-09-17 01:59:31','2021-09-17 01:59:31'),('93f97fa68cafb91cb36eeab966c56c30b6cd5ed316a177f3216cc1ae9d237b5a174c3d681e5cf887',1,1,'authToken','[]',1,'2020-09-20 07:29:25','2020-09-20 07:29:25','2021-09-20 07:29:25'),('940272e6b2414a4cc18aa1567873641071d1a653d6e071d49202c383a4d7e96c35273a572172699f',1,1,'authToken','[]',1,'2020-09-17 12:36:21','2020-09-17 12:36:21','2021-09-17 12:36:21'),('9427d57f4bd52cd9c8101f3c85e04fac609970a499159ca45acf7c01a921a6c0c737090282b56104',1,1,'authToken','[]',1,'2020-09-20 07:07:12','2020-09-20 07:07:12','2021-09-20 07:07:12'),('94298e0e73a87372385472b5906ce27091c84704614d14bd037b7a1934065b3073069920e93b6bdc',49,1,'authToken','[]',0,'2020-09-24 09:16:33','2020-09-24 09:16:33','2021-09-24 09:16:33'),('942fd4f415753d13a32106e0a1686f0feb953c13ab576848cc9e8e6b40d5963d474ce2ac12123515',25,1,'authToken','[]',1,'2020-09-21 13:12:21','2020-09-21 13:12:21','2021-09-21 13:12:21'),('94669dfa60cbb5c0d8fe4916378f76dfc86f8d025e558ec68e7b24b34edecddf71054e04c71f0ba5',1,1,'authToken','[]',1,'2020-09-16 14:47:03','2020-09-16 14:47:03','2021-09-16 14:47:03'),('947d7e75289fef159356d9575080cdc87bca28f940024ffd0664a16ef4543c70e51d0268a7e8bb7a',1,1,'authToken','[]',1,'2020-09-20 07:16:22','2020-09-20 07:16:22','2021-09-20 07:16:22'),('9519b8cf5de1eef1d38f200aba6fd46ac18ccccf1a37d4e7a68af5205338973bd17d3b15f232f692',1,1,'authToken','[]',1,'2020-09-16 17:24:02','2020-09-16 17:24:02','2021-09-16 17:24:02'),('952ba65216971178f80d47b3d8469d8c2a7dfcb9b204b4e367b7210d8fae5e833a7cef26cd3987b7',21,1,'authToken','[]',1,'2020-09-21 12:18:17','2020-09-21 12:18:17','2021-09-21 12:18:17'),('954717e23fc0bf993ad643c1ac8aad28bcbbdc3ad3847893da12bc3e0dcc901237793b330a78aaf5',1,1,'authToken','[]',1,'2020-09-20 07:24:53','2020-09-20 07:24:53','2021-09-20 07:24:53'),('9557dfc68e86a6bf2b10f75b2a0acf7c9ade98738cc906ca2bf2a31818ad6466d70a70cbae759d7c',1,1,'authToken','[]',1,'2020-09-20 07:16:31','2020-09-20 07:16:31','2021-09-20 07:16:31'),('95d6c099dc4f24a34d30b3d126b2608b63149253a871b16fcbb0d34862d97a837961abb3a66bfbdc',21,1,'authToken','[]',1,'2020-09-21 12:19:05','2020-09-21 12:19:05','2021-09-21 12:19:05'),('960a4d1d56a616b36856e147db652faca3bc7fd4d7e2f1063a5927108c7a9952c908163bea7262b8',1,1,'authToken','[]',1,'2020-09-18 13:42:59','2020-09-18 13:42:59','2021-09-18 13:42:59'),('9631ba69647a7970b5aa5aa846753a26f087a906d05e46b7ec47f3e94c781b19543693e460e30479',1,1,'authToken','[]',1,'2020-09-17 11:19:01','2020-09-17 11:19:01','2021-09-17 11:19:01'),('967287983166b4d4bb81ec7d0610ed9c4b0b75c012777d5025f9949452af0c027e92eb8dc01f593d',1,1,'authToken','[]',1,'2020-09-16 17:28:36','2020-09-16 17:28:36','2021-09-16 17:28:36'),('9673641f6baf5899330b06bc8dcbb4417583ae85a3ebc7aab15c833be9eebf409ab71a5c1f17bd61',25,1,'authToken','[]',0,'2020-09-22 14:59:07','2020-09-22 14:59:07','2021-09-22 14:59:07'),('967ceb7058029270151a3d94f92bec6d41cd2abfecc1151fb8ea0dd54b89cf5354593eaf7f47427c',1,1,'authToken','[]',1,'2020-09-16 17:12:08','2020-09-16 17:12:08','2021-09-16 17:12:08'),('96c8064b54edfb27d0a2a2e817ef0b166f9f44afd6205f6f5e84596d9f94901c4ae4dcb97db055a7',1,1,'authToken','[]',1,'2020-09-17 09:47:55','2020-09-17 09:47:55','2021-09-17 09:47:55'),('97ddb4314b7d8ee329741e702ffa25160aea5f33effb3b311f4543876d8693f24c6630d5dc20c7b9',1,1,'authToken','[]',1,'2020-09-20 07:04:07','2020-09-20 07:04:07','2021-09-20 07:04:07'),('981fff0104c48afb4464a2e2e46477d427d374197c47cd8c98089354a6921e2246b57cabc73b4f29',1,1,'authToken','[]',1,'2020-09-20 08:23:49','2020-09-20 08:23:49','2021-09-20 08:23:49'),('982d21eb10a44f459d88d30fc28595f6019a83e467229e941de1fd50cb8aef0d802c707b42c108e2',1,1,'authToken','[]',1,'2020-09-18 12:18:24','2020-09-18 12:18:24','2021-09-18 12:18:24'),('9867ed3b6e09299ae82f8c1d4453761184a551a1ddb6d9aa067d8fd05bedf806242751a31e95a441',1,1,'authToken','[]',1,'2020-09-16 17:13:27','2020-09-16 17:13:27','2021-09-16 17:13:27'),('9933b0a0a696043c97a53a351821a0fe38406559b610bbad4ab83ad8ce160506c62fb201617277b6',1,1,'authToken','[]',1,'2020-09-16 17:16:32','2020-09-16 17:16:32','2021-09-16 17:16:32'),('99c9404defe854bf5a8ecef65eec438803e65ef8e50b7999f514c6a36a9b2135c159950c4658e307',1,1,'authToken','[]',1,'2020-09-16 13:54:14','2020-09-16 13:54:14','2021-09-16 13:54:14'),('9abf490800aeab208f2b4f64028aa468effa63f8a51841d47e91b792d8fc58eeb7e487ce31ba454f',1,1,'authToken','[]',1,'2020-09-16 16:37:13','2020-09-16 16:37:13','2021-09-16 16:37:13'),('9be51892be025ec5f4c79a679fe975048ee3dcbda254da2c583cb6306d768476c4880996a2976d76',1,1,'authToken','[]',1,'2020-09-16 17:27:12','2020-09-16 17:27:12','2021-09-16 17:27:12'),('9c0200ce7db698d54cde356b0a6c328e3c7a82acceaed5597c2feface5efddab9cd32598bf973a1e',1,1,'authToken','[]',1,'2020-09-17 01:51:12','2020-09-17 01:51:12','2021-09-17 01:51:12'),('9c09b88a20a74ed045385c2998051bcea08a70297b4219eb6549d3160720c2dd0254b8783d4e30f4',1,1,'authToken','[]',1,'2020-09-16 13:49:13','2020-09-16 13:49:13','2021-09-16 13:49:13'),('9c1e7c5d3be0059a57ffb809be79bf7bf73fbc08744b25964cebbd43d15f59b5ce2801ef88742594',1,1,'authToken','[]',1,'2020-09-20 07:29:25','2020-09-20 07:29:25','2021-09-20 07:29:25'),('9c3ae3d42197d316ed2085d00b9448be4d47a0b40ae94e95ac541578173bf0484a16dd50c494a597',1,1,'authToken','[]',1,'2020-09-17 11:05:13','2020-09-17 11:05:13','2021-09-17 11:05:13'),('9c3d4dcc1e2cc23ec282fb9267a254fd10927f6b22c6d0d69565ef339eec719ce97160eab5b0a7c4',25,1,'authToken','[]',0,'2020-09-22 14:59:15','2020-09-22 14:59:15','2021-09-22 14:59:15'),('9ca786966ca662178e3aef32725e01f2dbc6b698240bb1bbb44a6fac9409ee09e403d6069a635972',1,1,'authToken','[]',1,'2020-09-16 16:49:05','2020-09-16 16:49:05','2021-09-16 16:49:05'),('9d2baf8d12d32623ebb199e61ffee7f452dd3b4a4353643ea367f9776169fe4f78a835627e03c811',1,1,'authToken','[]',1,'2020-09-16 17:32:19','2020-09-16 17:32:19','2021-09-16 17:32:19'),('9de613717d92c03a646ec4f6ad3b8c0a78918d4f8bc508287912a5ca9e33ce55585543e48cc63d3c',1,1,'authToken','[]',1,'2020-09-18 12:27:55','2020-09-18 12:27:55','2021-09-18 12:27:55'),('9f01c54417e265bda396fcce5d1f6276ee192a30ab6adbb782e929b17aca3d298b2cfb9cfc37c3a3',1,1,'authToken','[]',1,'2020-09-16 13:54:29','2020-09-16 13:54:29','2021-09-16 13:54:29'),('9f6d315bcee15dacb1447c969238ee7976ce5a5d5e1fe54dc2be05de8852f22ad0376bf572668c95',9,1,'authToken','[]',0,'2020-09-20 10:32:19','2020-09-20 10:32:19','2021-09-20 10:32:19'),('9fb35b184be5a59b4ec8bf52ba25ec1ae1216f559f2ee91b57582345439f776a2f021e55ebbde9b5',21,1,'authToken','[]',1,'2020-09-21 12:39:14','2020-09-21 12:39:14','2021-09-21 12:39:14'),('9fbbede8d59aaa92e1ef6eebec2ae89724216edf99bce80e655dec9f35a1b0dd467ac9533e3cf62c',1,1,'authToken','[]',1,'2020-09-18 13:24:49','2020-09-18 13:24:49','2021-09-18 13:24:49'),('a081c2affb230b66860c6a5fa123caaf3d84d06446b184938bac13734346d4c73580d02bb48da7e9',1,1,'authToken','[]',1,'2020-09-16 17:28:58','2020-09-16 17:28:58','2021-09-16 17:28:58'),('a10b89151a01e8c1c70f714205a0c2996fdd75b9ccc746f2e01a00f89acd7b7507d72386f9ac5df3',1,1,'authToken','[]',1,'2020-09-20 07:15:07','2020-09-20 07:15:07','2021-09-20 07:15:07'),('a147e9c9ab8f0153b79a4d14e74f95aed45e0af46fe8a0139c9d4d8ef357f31854406d630c691baf',1,1,'authToken','[]',1,'2020-09-18 12:19:03','2020-09-18 12:19:03','2021-09-18 12:19:03'),('a19a567536714cb024709bf50b80b959f040da56d8c8d83ccbca8eec687ecd12051b4d3bfae3d797',1,1,'authToken','[]',1,'2020-09-18 01:01:53','2020-09-18 01:01:53','2021-09-18 01:01:53'),('a1aba7366fa8b32c287a71d7706f9dfc5217711fca3f1b16ffee5b86131fb6d2ce104eea0af004a6',1,1,'authToken','[]',1,'2020-09-18 13:43:31','2020-09-18 13:43:31','2021-09-18 13:43:31'),('a1b559d1a6d95b090908c479becf3fda9c71d49b5ef36b5c44a28731a3848ab49796e63bb00c4b96',1,1,'authToken','[]',1,'2020-09-20 07:25:47','2020-09-20 07:25:47','2021-09-20 07:25:47'),('a1cee7324fe7a9017fcecb141e3e04097aa08766bb58982bdff431b49978d6211c848dd8ef3a5071',25,1,'authToken','[]',0,'2020-09-22 15:00:33','2020-09-22 15:00:33','2021-09-22 15:00:33'),('a20a656471242eda43fe69f237db818840d1b8d444c9943c2e278043ba9f37fdab598145a2e300ed',21,1,'authToken','[]',1,'2020-09-21 12:28:37','2020-09-21 12:28:37','2021-09-21 12:28:37'),('a26301e9f9d7993bfa39c0487c9e8c4cfe426bef41da6ed2175aacdb3b07af8013b0b0bd3517d4d7',1,1,'authToken','[]',1,'2020-09-20 07:12:54','2020-09-20 07:12:54','2021-09-20 07:12:54'),('a27605c0b2c06e2d8f019885be1cd791d461ecee4f8d036c31bdef2433d5aefd4d3356e3735c10cf',10,1,'authToken','[]',1,'2020-09-21 12:39:54','2020-09-21 12:39:54','2021-09-21 12:39:54'),('a2911f8028ee670ff7874361e814948d4ad46b79f52e41244847020d24e4d4936ea5fe0e288493ab',1,1,'authToken','[]',1,'2020-09-16 13:56:03','2020-09-16 13:56:03','2021-09-16 13:56:03'),('a2bba70e23556c6580adccec94e444810c7a357f5d77cad542b5903e6c7921651aa0d2755ea852fc',41,1,'authToken','[]',0,'2020-09-21 13:46:46','2020-09-21 13:46:46','2021-09-21 13:46:46'),('a316c8e2d8ba194f2c979640d9ce06b806219520adc5c246b16ef713fdf49aec8ccae6d6146ced97',1,1,'authToken','[]',1,'2020-09-16 17:28:58','2020-09-16 17:28:58','2021-09-16 17:28:58'),('a3695a32a79e6569271c478618f374a38c5abe77cee8a50170f1c4a8e3d1dfc4dead7fc39dcf3839',1,1,'authToken','[]',1,'2020-09-16 13:40:28','2020-09-16 13:40:28','2021-09-16 13:40:28'),('a38918843288e46f1345c2b23057cf7661ed614a95f61253db969cc416d9c87f4c51ccad3e41b2af',41,1,'authToken','[]',0,'2020-09-21 13:48:31','2020-09-21 13:48:31','2021-09-21 13:48:31'),('a45d4114ec8984b9e8c8e73c63bca122fdf272ff969ba918c2b550a408d40549ba0be44125f427f8',1,1,'authToken','[]',1,'2020-09-20 07:13:53','2020-09-20 07:13:53','2021-09-20 07:13:53'),('a4913537f9857c5108e1af1ded98632ffcc00a42dd4ca91e45026f8a6346c97e5ac6c0a726d97809',1,1,'authToken','[]',1,'2020-09-20 07:31:33','2020-09-20 07:31:33','2021-09-20 07:31:33'),('a4f9a0f8796f327722cb75fd1009c20c9eeea072945d35f62fc6fed88729f76d9298f82c7c583c25',1,1,'authToken','[]',1,'2020-09-17 01:43:08','2020-09-17 01:43:08','2021-09-17 01:43:08'),('a53735b006cd8c3c9e8bad3ea7fc488ccbf75c81d276d475e8dec6bb93e16742273f60a34d186757',1,1,'authToken','[]',1,'2020-09-16 17:12:03','2020-09-16 17:12:03','2021-09-16 17:12:03'),('a5550e388eca6edc8178eed98ee943cf9c3cb733c5f812e5d843c966468c19f2a1acf6ca023ac6e2',1,1,'authToken','[]',1,'2020-09-17 01:59:19','2020-09-17 01:59:19','2021-09-17 01:59:19'),('a591d017f836bc102b164c5a558100446214c99aa21ff72a10b3fc7a82d5d7a5f30101acf72f89ad',25,1,'authToken','[]',0,'2020-09-22 15:00:33','2020-09-22 15:00:33','2021-09-22 15:00:33'),('a5fe6906a8fadd116400292bf483d744083c05a0fd8f39a86d4b21f057140919c0a9d93787820bf3',1,1,'authToken','[]',1,'2020-09-16 13:44:21','2020-09-16 13:44:21','2021-09-16 13:44:21'),('a60e551f3831b7195e2a5cf00c6f330f43ce7f57ab7ffd5f4ab626512049cbab4ddfae4dee27fa76',1,1,'authToken','[]',1,'2020-09-16 13:39:05','2020-09-16 13:39:05','2021-09-16 13:39:05'),('a61032c05e5fae0dced03d895482ef75d9b66b300b194d2abd44c6f4000d628d158155a2aafa7771',1,1,'authToken','[]',1,'2020-09-17 01:45:24','2020-09-17 01:45:24','2021-09-17 01:45:24'),('a746e5ca3b2083c5fec46eac4817700e0a40dca5ec2e08649acb6d18c6ea7b658e1da0147f5b9738',1,1,'authToken','[]',1,'2020-09-18 04:29:00','2020-09-18 04:29:00','2021-09-18 04:29:00'),('a76bf6a144cacd9d51ad11f64ee9c19f5fe14ab8e0ab7aff76a70ac5abd7195e54115a9905175c27',1,1,'authToken','[]',1,'2020-09-18 12:07:13','2020-09-18 12:07:13','2021-09-18 12:07:13'),('a897531d04dba225f2fce44b850899d0ac51d94ad9e74222421ec00f1b5ea9b872dda29a09901cb3',10,1,'authToken','[]',1,'2020-09-21 12:27:42','2020-09-21 12:27:42','2021-09-21 12:27:42'),('a8c9306d2e48c67531a334cc9ac274099904411228f0f142d7ab35f427bcccd717d4cdb879578671',9,1,'authToken','[]',0,'2020-09-20 11:19:14','2020-09-20 11:19:14','2021-09-20 11:19:14'),('a9889a07928a8d08ae2698aa8a6bc00ec7c1b536bc050d0f557638f805198b50c783c3626e8356e3',25,1,'authToken','[]',0,'2020-09-22 14:57:07','2020-09-22 14:57:07','2021-09-22 14:57:07'),('a98a5524171052ed20fb09e310f58ed3644acaf2c33f92875df61e0ac3341fd59da313838fa3564a',1,1,'authToken','[]',1,'2020-09-20 07:20:47','2020-09-20 07:20:47','2021-09-20 07:20:47'),('a99d36c2d220e70a226d1128ed06e59e2652af1a8c319428a95e5de59e8bdff27d7639cea5e499e2',9,1,'authToken','[]',0,'2020-09-20 11:19:14','2020-09-20 11:19:14','2021-09-20 11:19:14'),('aa5fac64dcdd8aa544706de61fbf58bf8d07c13e2e4ca59f8442033f193c2b1071c4fef3ad2438bb',21,1,'authToken','[]',1,'2020-09-21 12:39:19','2020-09-21 12:39:19','2021-09-21 12:39:19'),('ab1d786bd62d6c312e546cc1820e7315d63692ef379c0f0a343951e3d407238ec1cc5da6413972a4',1,1,'authToken','[]',1,'2020-09-18 12:16:30','2020-09-18 12:16:30','2021-09-18 12:16:30'),('ab372963aca797ab69d35c842d2912572a9d08522cfba44270538406055dc1231c8db4e74da4d1ee',1,1,'authToken','[]',1,'2020-09-20 08:10:09','2020-09-20 08:10:09','2021-09-20 08:10:09'),('ab9074cfb4075b65eaabe742cbee7cac4c316c612b4fe7f27728c4573a8959edf3c40c13a1b70cc7',1,1,'authToken','[]',1,'2020-09-20 06:56:58','2020-09-20 06:56:58','2021-09-20 06:56:58'),('ac7b1e7c2dcdb99ef187a8327442b394911b4a21a2d792a5daff83add10c7fcaab212c300b0c7bb2',1,1,'authToken','[]',1,'2020-09-16 13:37:59','2020-09-16 13:37:59','2021-09-16 13:37:59'),('ad3a1e8e39ea791ad3494960d9fecdff953f88a80725ea8d1b43d2ccc602b9fc875bb53ea3d33e01',41,1,'authToken','[]',0,'2020-09-21 13:47:39','2020-09-21 13:47:39','2021-09-21 13:47:39'),('adb153da740bd123866bbf22a588abe66e87e715344953cefbf7fcd029eedb8433a4f58d4f42471e',1,1,'authToken','[]',1,'2020-09-16 15:58:06','2020-09-16 15:58:06','2021-09-16 15:58:06'),('ae072a3b8f3a9ffd59abc2b887353e9da0b82526808bee525a522f10f3a48b1bf2f8ff55b667141d',1,1,'authToken','[]',1,'2020-09-17 01:59:47','2020-09-17 01:59:47','2021-09-17 01:59:47'),('ae6ee1b4d5fe20611217574a84e60d8da92c45539ec43d8e59ad94b363f0bf24cad2903cf0d261ac',1,1,'authToken','[]',1,'2020-09-20 07:58:28','2020-09-20 07:58:28','2021-09-20 07:58:28'),('ae76952e30d7c44a78a3852be2a1b8a28bb1f866dbda6b2332c6c3c50594df3869b4bea537be7876',41,1,'authToken','[]',0,'2020-09-21 13:47:39','2020-09-21 13:47:39','2021-09-21 13:47:39'),('ae9a5989c31900a236fbf3f8ab866dc3410780187647a4730bab72a44b1d44cb1a6b2edd8c876f69',25,1,'authToken','[]',0,'2020-09-22 15:00:39','2020-09-22 15:00:39','2021-09-22 15:00:39'),('aee3359aadbc7fd0f08896a2f478072c550aa39fbca0b358300c7b5a079df67eac6e1053a323997d',9,1,'authToken','[]',0,'2020-09-20 10:46:11','2020-09-20 10:46:11','2021-09-20 10:46:11'),('b028fea177f049109736b6802a41b54b5018cf8474ddea5ca491d0910103acdd54e2634b46998d9d',25,1,'authToken','[]',0,'2020-09-22 14:56:32','2020-09-22 14:56:32','2021-09-22 14:56:32'),('b06b802e7c34c51e969de772ace736dfad3acc433db1c074b7fd1ae91c782931fec1f1beadddb2dd',1,1,'authToken','[]',1,'2020-09-18 13:25:14','2020-09-18 13:25:14','2021-09-18 13:25:14'),('b084117a9205318644ded24b5f5ba1087253484238714bdd936f43815b440c28eb857a27bb16079a',9,1,'authToken','[]',0,'2020-09-20 10:45:02','2020-09-20 10:45:02','2021-09-20 10:45:02'),('b0bd32c3c5726a0c3690486c451d253f5edbed2437f3e3eb0db472de8316fc8a6b6783528746f6e4',10,1,'authToken','[]',1,'2020-09-21 12:27:42','2020-09-21 12:27:42','2021-09-21 12:27:42'),('b1a9c68a97e8f15148f1582136450d5fa3b10808bd268623dafee0a75d43d67bc41bb6b6f1b05ad0',1,1,'authToken','[]',1,'2020-09-16 15:58:09','2020-09-16 15:58:09','2021-09-16 15:58:09'),('b1ed85395f6449ef345b14174c0a74f51db858017c491c5cbaf1f29b5776ccb0af4b880c87b57908',1,1,'authToken','[]',0,'2020-09-22 11:16:19','2020-09-22 11:16:19','2021-09-22 11:16:19'),('b2777bbe5717f6b3ddee9f4788044b19c7491a1e592e846008f221c8cf45a15751536a2479f47af9',1,1,'authToken','[]',1,'2020-09-20 08:10:16','2020-09-20 08:10:16','2021-09-20 08:10:16'),('b29c2b4a77edde12efe6950e88dc1e054be4739d8b54d629c5482558273878348a661dea07a878b3',1,1,'authToken','[]',1,'2020-09-18 12:25:46','2020-09-18 12:25:46','2021-09-18 12:25:46'),('b2cf919fc1eb02ac2860c5c334a7ae77a526e9ab0c4ce965f84bce5d7b687eeab0ab41f4df0ac84f',1,1,'authToken','[]',1,'2020-09-16 17:13:03','2020-09-16 17:13:03','2021-09-16 17:13:03'),('b315abfe077b45ca7d2114eace8f89d9ad23e20db4990a673086af3e3d7b0e8aa4a12fde8b16dff1',1,1,'authToken','[]',1,'2020-09-16 13:50:34','2020-09-16 13:50:34','2021-09-16 13:50:34'),('b3190ccc424a475b70ad6671c62a752de6d96e0e0a0476479d91547c8a1517197bd87e26e52448f7',1,1,'authToken','[]',1,'2020-09-16 17:32:37','2020-09-16 17:32:37','2021-09-16 17:32:37'),('b3308dbe5d3fbab5877cbfd5d55ede64bddda2c3aaaf21f81371335dbdd9ce53fc10c5baeafed3bb',21,1,'authToken','[]',1,'2020-09-21 12:41:23','2020-09-21 12:41:23','2021-09-21 12:41:23'),('b3d4c2672558ad65f26f9a9ffae1c79ec4298b90c4277b2ef75f8d2722a925cef9fbedd1aa523af7',1,1,'authToken','[]',1,'2020-09-16 12:12:06','2020-09-16 12:12:06','2021-09-16 12:12:06'),('b496de3f755bce73b964fb886ea1a7ac62ee2c80eb0a8dfb6a53c734f5ae3e3a99f04f77e0435cfd',1,1,'authToken','[]',1,'2020-09-20 08:39:14','2020-09-20 08:39:14','2021-09-20 08:39:14'),('b4ca943a295c10b6c20be75ca7ca54b90ea4cdcca746854b0e7baf3c4e0769fbc99b68c1e018ed01',1,1,'authToken','[]',1,'2020-09-20 07:12:58','2020-09-20 07:12:58','2021-09-20 07:12:58'),('b4f4284d06b02ae2737c16a9221a9ee3ba52039dc07b4959ed1b21c272ba571fbbc14f692a1e0233',1,1,'authToken','[]',1,'2020-09-17 02:00:23','2020-09-17 02:00:23','2021-09-17 02:00:23'),('b5e3fb9af62e8d6af978c2793e4299131ffacd442f9763f51f58c27a3e2c77fabbf9f4576d31efae',21,1,'authToken','[]',1,'2020-09-21 12:39:18','2020-09-21 12:39:18','2021-09-21 12:39:18'),('b6443f153e563782037d1b5e9e3f0d83a5f70259e6ca41aa17f4b3754ea8739c9459869aeefb45f1',1,1,'authToken','[]',1,'2020-09-16 17:12:15','2020-09-16 17:12:15','2021-09-16 17:12:15'),('b6503dd927ea26c4d9cca3cebba33e04265e47d1bea4a4c9375c8ee7016d5a589c3262cda74fff68',1,1,'authToken','[]',1,'2020-09-18 12:10:37','2020-09-18 12:10:37','2021-09-18 12:10:37'),('b7821e18abf0bc621c6e93fcdda3f0019eb3ad33a9b1c665e8f8c632b9886ad3e27d5cd419bd7f64',1,1,'authToken','[]',1,'2020-09-18 13:30:59','2020-09-18 13:30:59','2021-09-18 13:30:59'),('b812d6b0a83b4dd3d221f5def614a2328002fcb30e04ebf54a0e5fabf85f53f805763a4eb4994420',1,1,'authToken','[]',1,'2020-09-16 17:16:46','2020-09-16 17:16:46','2021-09-16 17:16:46'),('b85843db7ad7795e0f8074a00a95f00da22ee4fb8d6e5f36806897f6a0787d252ae698d7caeb0d75',1,1,'authToken','[]',1,'2020-09-16 13:47:19','2020-09-16 13:47:19','2021-09-16 13:47:19'),('b85d8901babea0f30cda48a29b47f8604dfa64728a7c6750a89959a37fd80b607bfc0fef8a4b5014',21,1,'authToken','[]',1,'2020-09-21 12:27:36','2020-09-21 12:27:36','2021-09-21 12:27:36'),('b86b9c5c572a9bd10d143fe708b0d9005147ec31276cc239535354ffe5da845409e6eee45e31b057',1,1,'authToken','[]',1,'2020-09-17 01:55:02','2020-09-17 01:55:02','2021-09-17 01:55:02'),('b957f2beb5bdf2f7ba2bdc4ee731570f021d1c13413070f1eeecd86367346b8fb30dfc50b5339b35',1,1,'authToken','[]',1,'2020-09-16 13:49:13','2020-09-16 13:49:13','2021-09-16 13:49:13'),('b97749f0cdb1d44551e790c03ea6160600b4f4d860c0f05671b781ef72aa186a4f5a86d400b9775d',41,1,'authToken','[]',0,'2020-09-21 13:48:33','2020-09-21 13:48:33','2021-09-21 13:48:33'),('b97db7444e874a0deebaf17d37b8ade5530876e1c1829b8490453b0255974a28281bfa0eeaf0f03d',10,1,'authToken','[]',1,'2020-09-21 12:39:54','2020-09-21 12:39:54','2021-09-21 12:39:54'),('ba4205ae27985f501f2ab9eaa68a7df21801035276c4ad9f5681e9cee9922e2d7a7d224d28c392da',25,1,'authToken','[]',0,'2020-09-22 15:00:33','2020-09-22 15:00:33','2021-09-22 15:00:33'),('bacd386d5e2c09429d0ae65cfa7202a49be244ed42e5d232d158cd0c1381cc7d617c4b2a7ab5e292',1,1,'authToken','[]',1,'2020-09-16 13:35:29','2020-09-16 13:35:29','2021-09-16 13:35:29'),('baf78be83e6ab8e13dc698f65dd261940ec0f14a84196768eddf4bd9d65682c0138e98acbacb9858',1,1,'authToken','[]',1,'2020-09-17 11:19:01','2020-09-17 11:19:01','2021-09-17 11:19:01'),('bb22a75458d5400e1b7fc48fb2ebdfbafd1ec119b891c3e276833945e3e7b0a8b2ad35cf5dd5101a',1,1,'authToken','[]',1,'2020-09-18 12:19:21','2020-09-18 12:19:21','2021-09-18 12:19:21'),('bb59b622b035289f95a2912cf16748eb3ec5906e834884b07141ef1d981d2df2bb4fccaffb577ba1',1,1,'authToken','[]',1,'2020-09-16 17:20:07','2020-09-16 17:20:07','2021-09-16 17:20:07'),('bb59c56b08812f538237170c6551d517632039b2b63c2f7ac6217fc10494cf191f9b9465c7563195',1,1,'authToken','[]',1,'2020-09-16 17:12:09','2020-09-16 17:12:09','2021-09-16 17:12:09'),('bbd80d81ab9e86ad955167e2ac1608c155c863f8bced457c17211694334ae696ddb0871c43d98777',25,1,'authToken','[]',0,'2020-09-22 15:13:04','2020-09-22 15:13:04','2021-09-22 15:13:04'),('bc0822a0c5d2439f897e1032b782efb1ff961fed0443bfe0c6c691aab111d9037dadb1b39283e310',41,1,'authToken','[]',0,'2020-09-21 13:47:37','2020-09-21 13:47:37','2021-09-21 13:47:37'),('bc21381a9228ad6cb5cc1bc0d9d4f3d88341210c01618703739df03c93aa7e298f612f4d711c208a',1,1,'authToken','[]',1,'2020-09-16 17:32:59','2020-09-16 17:32:59','2021-09-16 17:32:59'),('bc26fb3c5aaab064dc31a964c8023efddc7e7a0ffc7a903ff0f78f00c8accc1297ef64b8dc1f09d4',49,1,'authToken','[]',0,'2020-09-22 02:54:41','2020-09-22 02:54:41','2021-09-22 02:54:41'),('bc32644dc4364b3d6f62bd3abfa34ae0ef5db3841f5b52720c715bf5dac4fbbcab63f052c7ba1083',1,1,'authToken','[]',1,'2020-09-20 07:13:07','2020-09-20 07:13:07','2021-09-20 07:13:07'),('bd1df8d1946539941cf13072971fc959036c60bae6d6c7cce7e83be4ca6a70f59922a3e2f84b82cf',41,1,'authToken','[]',0,'2020-09-21 13:46:46','2020-09-21 13:46:46','2021-09-21 13:46:46'),('bdbf54c7aded9485d3f2d87e8912b60d3e9cf5f93b76ad3b0b24a182a61afb34011bab2a38b52b37',1,1,'authToken','[]',1,'2020-09-16 17:12:14','2020-09-16 17:12:14','2021-09-16 17:12:14'),('bf11402393c7b7a3bfc0dbc776d2311baec9e37192e1b91f7728d1b02d4d16fcb98978e0b41ab2d5',25,1,'authToken','[]',0,'2020-09-22 15:00:33','2020-09-22 15:00:33','2021-09-22 15:00:33'),('bfb2cd7656af5e2069cb113178b73a41fcada9afb199b148c096c675c3202b09440c4af1d2fd7cc3',11,1,'authToken','[]',0,'2020-09-21 11:50:32','2020-09-21 11:50:32','2021-09-21 11:50:32'),('bfb4cc888becfa5bf11388bd9d427eb9d390d5076c196a0eaeab80316bccc7623d54e9193a5a9058',1,1,'authToken','[]',1,'2020-09-16 13:48:34','2020-09-16 13:48:34','2021-09-16 13:48:34'),('bfce9b1dc611c35e00c8ea500d638dc7578d9edea12de2ca83f921fbd76a8aa2ea32ec6ff71d7ce3',41,1,'authToken','[]',0,'2020-09-21 13:47:44','2020-09-21 13:47:44','2021-09-21 13:47:44'),('c094d5630f9fd7e3e3a0090511a8349f95ec503b0827028e58d68ba5f84ed5d5050a5ae15cbe113c',1,1,'authToken','[]',1,'2020-09-20 07:11:58','2020-09-20 07:11:58','2021-09-20 07:11:58'),('c14c077e599db45dee7d7c888eaed4e930e9306967d1335ccf3afcd0fa9a787e600a9bda9d4d4b29',1,1,'authToken','[]',1,'2020-09-20 08:12:57','2020-09-20 08:12:57','2021-09-20 08:12:57'),('c213e69dfb8cd607dcbd99c7624dee1c87f6305868ccc377f21342ea9f2568410c43f7330c502b2b',1,1,'authToken','[]',1,'2020-09-16 17:24:05','2020-09-16 17:24:05','2021-09-16 17:24:05'),('c24e59d63ec7f3a5919568d3ec6db74eaa9695573699c366ce161232ebacaee0eb9fbc7943fa7477',1,1,'authToken','[]',1,'2020-09-20 07:58:32','2020-09-20 07:58:32','2021-09-20 07:58:32'),('c2aea81b02cf5cb8b023fe5c76df5b98739c1247a3c4359e0a7b8cdcbf9be20d6aeb2d5362e7cc52',41,1,'authToken','[]',0,'2020-09-21 13:50:50','2020-09-21 13:50:50','2021-09-21 13:50:50'),('c2f40205550231a812b281697db8f4bc5fba294b2d52ab1f909884f05ca979f16567bdcc0eeaf138',1,1,'authToken','[]',1,'2020-09-20 08:13:06','2020-09-20 08:13:06','2021-09-20 08:13:06'),('c3d1d3fc8b0e1eeac9c8f0f1f110e4768c58d1b160f1691520e683c450f13fef1b19576dec522e77',10,1,'authToken','[]',1,'2020-09-21 12:40:58','2020-09-21 12:40:58','2021-09-21 12:40:58'),('c4751406f180335040bb48f728dccbe12a65b192c2b3000f9851669069bbe4898b099725cff58ad4',1,1,'authToken','[]',1,'2020-09-16 17:13:09','2020-09-16 17:13:09','2021-09-16 17:13:09'),('c493474bfd0e70468683df59acf6213c6fa1fb009799fab839c2d97503a6bc1adac43080bec10268',1,1,'authToken','[]',1,'2020-09-16 17:36:21','2020-09-16 17:36:21','2021-09-16 17:36:21'),('c4b332825b1298075308d02429317e14e8ac4e186061076582de8e1673e6ceafc662fc6d5b869186',1,1,'authToken','[]',1,'2020-09-16 17:22:05','2020-09-16 17:22:05','2021-09-16 17:22:05'),('c4d97db9a38ee4655a9c514a8519414966142ac8c9ab4b7d798f9c3dd12160d1900a29c24cbc3bbb',1,1,'authToken','[]',1,'2020-09-20 06:59:39','2020-09-20 06:59:39','2021-09-20 06:59:39'),('c543f95ed2027dd8eed0f60dfbf4cb91a9522938221173c9b2fa1e51c45b405a9c4061307d027479',1,1,'authToken','[]',1,'2020-09-16 17:36:50','2020-09-16 17:36:50','2021-09-16 17:36:50'),('c577c7cb04e09c3eb845d3fb41d7f07ac03161276d6339995c8c6340980675e8983b225f4ba92d63',1,1,'authToken','[]',1,'2020-09-20 07:04:33','2020-09-20 07:04:33','2021-09-20 07:04:33'),('c583db99b8931a368d2904a5491afb38b4906a6961137fa0e790462a0b098ba0013d4479ef594085',1,1,'authToken','[]',1,'2020-09-20 06:56:58','2020-09-20 06:56:58','2021-09-20 06:56:58'),('c5a55efbde195c47037f966cfdc09ffcdf336f58d27aa9fa4a7310b2de0c11069a94fa56fa89aa2a',1,1,'authToken','[]',1,'2020-09-16 13:39:03','2020-09-16 13:39:03','2021-09-16 13:39:03'),('c5b0ab7e37a5af341f463c2fde7a31db4ade24597961f913663a7aceb3df60c1e06ab85ea98ac04d',1,1,'authToken','[]',1,'2020-09-20 07:41:14','2020-09-20 07:41:14','2021-09-20 07:41:14'),('c64ad2a03599948957bcdb90652c7b753b2f3c56f42935b7392a32340946966b0c52b6423ee3885e',1,1,'authToken','[]',1,'2020-09-16 17:23:49','2020-09-16 17:23:49','2021-09-16 17:23:49'),('c6755356a535a95482e90a8434de5f6bf6a170c31c13efce73d6728ee724e48d8bdeae9c13bae7a7',1,1,'authToken','[]',1,'2020-09-16 17:28:55','2020-09-16 17:28:55','2021-09-16 17:28:55'),('c68a8af4ccba3410da664c0fa517bfd186fca48fc132e2426743b849e220b35e48e13d23c889c8e8',1,1,'authToken','[]',1,'2020-09-20 07:31:23','2020-09-20 07:31:23','2021-09-20 07:31:23'),('c6e249f161ddd02912f7ef839ec5e4bede82b7496b7a1e6e30b410d6f8353287ab41c58bf075ea61',41,1,'authToken','[]',0,'2020-09-21 13:47:39','2020-09-21 13:47:39','2021-09-21 13:47:39'),('c701f36e9a2d2c72ce4ce5be65442b57248fa11b293b93a067c500e3250629c9a16c50b73b7f3ea1',1,1,'authToken','[]',1,'2020-09-16 15:03:12','2020-09-16 15:03:12','2021-09-16 15:03:12'),('c71e3f5c67492d477a15249c6deab31deaa8449ac13b67460b98e6644923466d44ea41d41f0bbd18',25,1,'authToken','[]',0,'2020-09-22 15:00:33','2020-09-22 15:00:33','2021-09-22 15:00:33'),('c74cb5e3142f0ec6d759a403898248c01df2ceaa6ce7cbfaed2613819023986d55b643e820a98b59',1,1,'authToken','[]',1,'2020-09-16 17:26:53','2020-09-16 17:26:53','2021-09-16 17:26:53'),('c7a7d42d935dfbe72f1d2ae8ba26b313ded3ec3a2c1c7121b77d089495dd2246dca49b8edd4e1fa1',1,1,'authToken','[]',1,'2020-09-17 01:59:10','2020-09-17 01:59:10','2021-09-17 01:59:10'),('c7be4d965b8cbe45ed8d58f970f9fbefd13d123487326630576900dcaed51a0b0c3dbee41fe64b61',9,1,'authToken','[]',0,'2020-09-20 10:46:11','2020-09-20 10:46:11','2021-09-20 10:46:11'),('c7cfbaebe7242c96390b2cc9c3431e89d69be48f27b12590df7278de1574da78554b306ce392703c',1,1,'authToken','[]',1,'2020-09-16 17:12:12','2020-09-16 17:12:12','2021-09-16 17:12:12'),('c91628acc3448b5b4e3d38f6724f83b7e436e977bed5dfcee8b29f703608626edb17ae775ec1fa05',1,1,'authToken','[]',1,'2020-09-20 08:09:08','2020-09-20 08:09:08','2021-09-20 08:09:08'),('c9f53d0089029904707e813723270d209dbeffbfe12ef265df4097e9f3fec78435b36a43e2dd6bba',1,1,'authToken','[]',1,'2020-09-20 08:13:13','2020-09-20 08:13:13','2021-09-20 08:13:13'),('ca5e7889ee11779737e0c081ccf26c18231dec7256c67cbf42676264d80cb1f5e97227ab3845766a',1,1,'authToken','[]',1,'2020-09-17 01:43:12','2020-09-17 01:43:12','2021-09-17 01:43:12'),('ca7c4cbd3603562fd745d2f42d9bd960a8bc588ec645fb0cf15392c78589c5cff863c25cb19c38db',1,1,'authToken','[]',1,'2020-09-17 11:18:25','2020-09-17 11:18:25','2021-09-17 11:18:25'),('cb506ef003c2691474fb55124cbe801bed10548a9c6fc944a9b648822f3179ee49412f503a720cd5',1,1,'authToken','[]',1,'2020-09-17 01:55:18','2020-09-17 01:55:18','2021-09-17 01:55:18'),('cc81f621f7b349d6274834bbe702122724c4856e146e2c85be1467ebe4e605a6810d053e599b58c3',25,1,'authToken','[]',0,'2020-09-22 14:57:46','2020-09-22 14:57:46','2021-09-22 14:57:46'),('ccc35074c6aed80fab9eaf9715881f2c65f77045aa00c1eef726f98ac3675a2e289bdae4da21dcc2',1,1,'authToken','[]',1,'2020-09-16 16:37:13','2020-09-16 16:37:13','2021-09-16 16:37:13'),('cd07893b8bd5425243b1bc41a03ebd1c07b019b285266948e711d341dabc905f022966970ba864e0',1,1,'authToken','[]',1,'2020-09-20 08:12:57','2020-09-20 08:12:57','2021-09-20 08:12:57'),('cd7354c700e5e0e89756d636902efeeb21d690291fa035b825a20e77089dd62d90da193ca5a65153',49,1,'authToken','[]',0,'2020-09-23 14:12:40','2020-09-23 14:12:40','2021-09-23 14:12:40'),('cdbeb44ed673ad9aad81712bd56fc51517227d91d8295588797605dc4bd1c72befaa5fc94415885d',10,1,'authToken','[]',1,'2020-09-20 11:19:41','2020-09-20 11:19:41','2021-09-20 11:19:41'),('cdc7b865b813cca33f58ebe799a51041ea9fad16846ade8af377b1498e36bc4e5c5269ecd32842a5',1,1,'authToken','[]',1,'2020-09-16 16:43:55','2020-09-16 16:43:55','2021-09-16 16:43:55'),('cde2f26ac64d5229a27d5e00a69ade107319a7904b00b2ac81599fb4d5f4ccc9eda3696b88eaf5b7',9,1,'authToken','[]',0,'2020-09-20 10:58:56','2020-09-20 10:58:56','2021-09-20 10:58:56'),('ce1c406207bf11de32bd1b0cb75441ce06cde5870d43c8f99908ecc0dc17d00e321844b656e959c5',1,1,'authToken','[]',1,'2020-09-20 07:58:07','2020-09-20 07:58:07','2021-09-20 07:58:07'),('ce5b0bb2354accf7dc70155cc38358d0bff07242c96b1bfc6fa2d5f47b2be75fb0a63225d506321f',32,1,'authToken','[]',0,'2020-09-21 13:21:03','2020-09-21 13:21:03','2021-09-21 13:21:03'),('cedd5cb0fd034b2df6016b0d077de280f73c70c46ad9bbfea2e12f1c6d7540f8fcb90a4060f6e53d',1,1,'authToken','[]',1,'2020-09-20 08:11:21','2020-09-20 08:11:21','2021-09-20 08:11:21'),('cf1a66663e064eaf764c3eef2383ea0aeb83a0207b0048ae9bcac6ef9616c09a730547f61244ec11',9,1,'authToken','[]',0,'2020-09-20 10:32:19','2020-09-20 10:32:19','2021-09-20 10:32:19'),('cf5d8bfc546d9b4b5993e85d801d89f689407a5b30dc60478f61c5b1606d31870ba46d1abc6dd044',1,1,'authToken','[]',1,'2020-09-20 07:20:40','2020-09-20 07:20:40','2021-09-20 07:20:40'),('cfba06fd96d0f7cd8252b3aaba276fd02d494c3d563219a29d3eff74f5027ca8d76b58ccb0d3907c',1,1,'authToken','[]',1,'2020-09-16 16:37:13','2020-09-16 16:37:13','2021-09-16 16:37:13'),('cfea319a570dd023ea984082367c9d5fc975f4d379ee30bbe232f42c5d990aa4f74152392d939ac3',1,1,'authToken','[]',1,'2020-09-18 12:24:26','2020-09-18 12:24:26','2021-09-18 12:24:26'),('d137311bb6eff8700dee42762b75312db943f407745992ae0ba1652e8534e31174211a63605de189',1,1,'authToken','[]',1,'2020-09-16 13:37:59','2020-09-16 13:37:59','2021-09-16 13:37:59'),('d14e4d0bb6935916d4dc8e52e68605709cae87480bf074f18025f8716cc37a0ba341c87571b254ac',1,1,'authToken','[]',1,'2020-09-18 01:01:55','2020-09-18 01:01:55','2021-09-18 01:01:55'),('d1b0dc18b731c8e340e2bc7cac803d512641341c882bfd8c95e2b9a2504c223a7b61368171d8a7ed',1,1,'authToken','[]',1,'2020-09-16 17:24:02','2020-09-16 17:24:02','2021-09-16 17:24:02'),('d2a6f5e5c658082b5ea9b127929f8159b1ee93195eb55dcad2b9847e1454c148f22ee4ebb624f862',1,1,'authToken','[]',1,'2020-09-18 01:01:52','2020-09-18 01:01:52','2021-09-18 01:01:52'),('d3292753ac6bcadd3caad4a5fcc8add38c6669ceca3a7fff963ff935a4e416fc9497f7f67c14bddb',1,1,'authToken','[]',1,'2020-09-20 08:10:09','2020-09-20 08:10:09','2021-09-20 08:10:09'),('d412b03dca044eed0cb66278a08e37b733179a472720d9f48722237465086a7fe1fc62697136bf88',1,1,'authToken','[]',1,'2020-09-17 01:43:08','2020-09-17 01:43:08','2021-09-17 01:43:08'),('d56b22394a4cd1198e8e1f2dd2d392837a39b7a9e651881faa11b4fea52625ce009b6aca4f31fae6',1,1,'authToken','[]',1,'2020-09-20 07:15:28','2020-09-20 07:15:28','2021-09-20 07:15:28'),('d5ba131dcdf23872bbad82211c509ca686d61ac4690653a024975348102189a6c72f94b46ca9ffb4',10,1,'authToken','[]',1,'2020-09-20 11:19:41','2020-09-20 11:19:41','2021-09-20 11:19:41'),('d5d4640071676163ec336d63bb5cdb8ed8122aa0b15223743e52336c38d46da215a9496e59595419',1,1,'authToken','[]',1,'2020-09-20 07:20:40','2020-09-20 07:20:40','2021-09-20 07:20:40'),('d642102854d2a3d01ced20b3a493d7892b754e14ef034f7c317f5695911d786eb2fc61db751b0fb0',9,1,'authToken','[]',0,'2020-09-20 10:57:58','2020-09-20 10:57:58','2021-09-20 10:57:58'),('d70c0a7b93b0e3a5f4386d39ef8d787935be1c3238613648ca5867d0deab2c09da672fe874aedfeb',1,1,'authToken','[]',1,'2020-09-20 07:31:23','2020-09-20 07:31:23','2021-09-20 07:31:23'),('d75a486bdd7b2f741cc940fff0d4cecfaab31a4c9d172e77e774446955a3b4aa877287433a0765d8',1,1,'authToken','[]',1,'2020-09-16 13:58:25','2020-09-16 13:58:25','2021-09-16 13:58:25'),('d7cc2328305a9b623507207d23c7712c37b4ca3bb7da7600455a84c5a987bd303ee505326280a4de',1,1,'authToken','[]',1,'2020-09-20 07:25:02','2020-09-20 07:25:02','2021-09-20 07:25:02'),('d7dec7e1dca7634cda7db97e4b187fdcf7fc60e59cdf9dba2b9017cef02f3acf8f70ab8eaf483186',1,1,'authToken','[]',1,'2020-09-18 12:07:10','2020-09-18 12:07:10','2021-09-18 12:07:10'),('d910063c4bf4d4d71b9ba6e9db68771c6566dffe88f202b74f2037d63dcb8baa251715387c50402a',41,1,'authToken','[]',0,'2020-09-21 13:47:39','2020-09-21 13:47:39','2021-09-21 13:47:39'),('d9573b47d0da67f86ea6715db4cc272195592033b10dea5c8b331788e63aea83e57da3dcd44dedbb',1,1,'authToken','[]',1,'2020-09-20 14:05:27','2020-09-20 14:05:27','2021-09-20 14:05:27'),('d9b091b946ff954da5e9567557d19383149e2667fb9424d1dcb215291e3f2aeaa5206185a5c6c967',1,1,'authToken','[]',1,'2020-09-16 14:41:30','2020-09-16 14:41:30','2021-09-16 14:41:30'),('da0281ca8d5d82378a5e24122a9029e5f06abc120ae53e064a3ccbe123c4ca99a93a3bdf2eade5c1',1,1,'authToken','[]',1,'2020-09-17 01:58:55','2020-09-17 01:58:55','2021-09-17 01:58:55'),('da1acd243ba9f453073b8ca5613e54561f562195503632177bb89980a4a7e00bad9977e8fc05b15c',1,1,'authToken','[]',1,'2020-09-16 17:27:34','2020-09-16 17:27:34','2021-09-16 17:27:34'),('da52307c89e2d8da0a8d5ce707859e903c93ef473aa4a1c1e16ceea26a57129e2b11a19440ee6d64',25,1,'authToken','[]',0,'2020-09-22 15:00:33','2020-09-22 15:00:33','2021-09-22 15:00:33'),('dae8cda0f5efd5454ca913b7adc6c0dbfeb65f805dc5290a29e87db0d5dd93cf1763005d1462b9df',1,1,'authToken','[]',1,'2020-09-20 07:12:28','2020-09-20 07:12:28','2021-09-20 07:12:28'),('daf868133389efc9c5925b0b26170b0374ac5455bf57560e7c614544a8be6a9394a592fbebc00456',1,1,'authToken','[]',1,'2020-09-20 07:12:58','2020-09-20 07:12:58','2021-09-20 07:12:58'),('db5bbe1ae3d9a858067b87d9d1cebb57ab30ccb6abea4e7573a552656e718420c74b23002d105a62',1,1,'authToken','[]',1,'2020-09-20 08:08:39','2020-09-20 08:08:39','2021-09-20 08:08:39'),('dba7d6e7b0e525d6447519bc51ba796971a0685c14f07dbe010f9c51a357d935cb40b840b67f5e42',1,1,'authToken','[]',1,'2020-09-18 01:01:59','2020-09-18 01:01:59','2021-09-18 01:01:59'),('dc2e2162f03d421baaec9c80a9b1194b7584019cd60bcd4c87220a7a4988ec97618f50d3a6968199',1,1,'authToken','[]',1,'2020-09-20 08:08:53','2020-09-20 08:08:53','2021-09-20 08:08:53'),('dc807240080063920cb501296501b9f2cfc822eee31404d79cbb50c3b97dd1ae4e89ff1a8a93b3d2',1,1,'authToken','[]',1,'2020-09-20 07:34:18','2020-09-20 07:34:18','2021-09-20 07:34:18'),('dc8c79f3f6c709dd8498d567bf295c32b75c44dd8f98c4f75e5b4b579c5133c11edcbab36181ad84',1,1,'authToken','[]',1,'2020-09-18 01:00:29','2020-09-18 01:00:29','2021-09-18 01:00:29'),('dd04cab3779e46eab0dcf9caae2d5ef936f8ff991c80af3f05e4dca7198805898aa5dd28a6ee94c3',1,1,'authToken','[]',1,'2020-09-18 01:01:54','2020-09-18 01:01:54','2021-09-18 01:01:54'),('dd0cbb9d0c73239dc61d2a2bbf3484cf933cd7499c89c2a5505e6e75388dca2b0bc4747be10aa6a9',32,1,'authToken','[]',0,'2020-09-21 13:19:51','2020-09-21 13:19:51','2021-09-21 13:19:51'),('de50ca894bcf9a96bde0a547521e086d9697615cedb1383cab3d194a2ed6851e1e04302c5ca7aee2',1,1,'authToken','[]',1,'2020-09-16 16:49:09','2020-09-16 16:49:09','2021-09-16 16:49:09'),('e054bf7e9416211f31c537c3dc36195d81c1b9607ecb0a1b9363b571046e3e386b5a828f2c28a6c2',9,1,'authToken','[]',0,'2020-09-20 10:45:02','2020-09-20 10:45:02','2021-09-20 10:45:02'),('e07bb54048faefbd03af6dd22a7c46f5e966298d996807650ebd1c87ba9d63c19cf5b513801620b7',1,1,'authToken','[]',1,'2020-09-20 07:17:08','2020-09-20 07:17:08','2021-09-20 07:17:08'),('e10bf9f9e81544e2f09d8a4f5040eed91d274a2c4c7519dbd867ec3fd2c94b949f890fa5aeabdd01',1,1,'authToken','[]',1,'2020-09-17 11:37:30','2020-09-17 11:37:30','2021-09-17 11:37:30'),('e11eff136b7f8d4386adbf1e1475f27bc6759cade8e73dc3e6594a83f50e88da091cbba9396e7426',1,1,'authToken','[]',1,'2020-09-20 08:11:11','2020-09-20 08:11:11','2021-09-20 08:11:11'),('e15d8717645bbec1690565547c21689c97d7c3b23b3790efffb24d2725387ab32cf106cbdc9ad2ac',1,1,'authToken','[]',1,'2020-09-16 17:28:16','2020-09-16 17:28:16','2021-09-16 17:28:16'),('e3eb63b6d5f7afed543805ff03a6e20f2274e748fac66c88891443409bf9b7e206297bb9fe61776a',1,1,'authToken','[]',1,'2020-09-16 16:35:02','2020-09-16 16:35:02','2021-09-16 16:35:02'),('e435dd9fadd6090fdc23b2f561946c0660a8415ebebf60f7cbbf49bced2ab1e417586f27e24d29b1',41,1,'authToken','[]',0,'2020-09-21 13:49:01','2020-09-21 13:49:01','2021-09-21 13:49:01'),('e52246688f90e6ede73a5ebcc3e8e362a72d7fb6b9f4d9f3c723a3f40261b3d7cf133e430690a215',1,1,'authToken','[]',1,'2020-09-17 11:35:19','2020-09-17 11:35:19','2021-09-17 11:35:19'),('e638d23f49463621882758510bae4a8192106a3851bff1f833ae166d36c645423262a1260298053a',10,1,'authToken','[]',1,'2020-09-21 11:48:22','2020-09-21 11:48:22','2021-09-21 11:48:22'),('e66d81927d90af2e1fc23a50430cd8f514550759f970c64bcf59ef451e2c711673ac486bb014ca14',1,1,'authToken','[]',1,'2020-09-20 08:04:33','2020-09-20 08:04:33','2021-09-20 08:04:33'),('e76a2a2584ed2c710e676bc237acec74957e8349ac191d6a0464b4862219b649eef689166c67a7b2',1,1,'authToken','[]',1,'2020-09-16 13:34:00','2020-09-16 13:34:00','2021-09-16 13:34:00'),('e78fe3efe808402da8e9fc327899e748b030ae1f4d6c633564ebdc405d720e954cd2811c4a71fab0',1,1,'authToken','[]',1,'2020-09-18 12:24:44','2020-09-18 12:24:44','2021-09-18 12:24:44'),('e7a82b3fb7f3ebca16200ba3ef1a1557fff174c97bad1e08a9e7871fbfe3bbe1cb49216ce073b8a1',41,1,'authToken','[]',0,'2020-09-21 13:48:31','2020-09-21 13:48:31','2021-09-21 13:48:31'),('e900053d8cd05cce64ee443bfe085beec19f40a65ae009ba89abc82d7531452643a78c7033bc4024',1,1,'authToken','[]',1,'2020-09-18 13:27:19','2020-09-18 13:27:19','2021-09-18 13:27:19'),('e93daa83b33cf54fa118aceb355675baabbdfad32f1ca75f45d5377bf983c5a7b198bb98c98ffa76',1,1,'authToken','[]',1,'2020-09-17 01:54:59','2020-09-17 01:54:59','2021-09-17 01:54:59'),('eafb7498805c2ccb4d2a6295c663ff1d2b5eae60d3c6a654280a06321ad10515a9ddf52446a741ba',1,1,'authToken','[]',1,'2020-09-18 12:20:27','2020-09-18 12:20:27','2021-09-18 12:20:27'),('eb4e32cd66c3feb03ee0ce6ee97d94c8a2aecb804a709a7cc537f536689bd5c5409547347a442eef',1,1,'authToken','[]',1,'2020-09-20 07:15:31','2020-09-20 07:15:31','2021-09-20 07:15:31'),('ebbb52f1e0c8b7540b473dff6c669228e23d2c3225cf88bebb931885db289e8c4386ce5e44de2781',1,1,'authToken','[]',1,'2020-09-20 08:09:08','2020-09-20 08:09:08','2021-09-20 08:09:08'),('ebd2a18c2665d301f21b7ea6ed7ccc3276e4ed2c4d1dee56a81dcb443e9aa4c6a7bd13c823f43308',21,1,'authToken','[]',1,'2020-09-21 12:19:05','2020-09-21 12:19:05','2021-09-21 12:19:05'),('ebd785cc679348067834e3ac06e661f7801e8981fa131794803476d068d65bf4e724685fecc90dd8',1,1,'authToken','[]',1,'2020-09-21 12:39:35','2020-09-21 12:39:35','2021-09-21 12:39:35'),('ec0c8e946c73186d9b25a545d24f2a9f0c5e25ff4d9a56dc99afa93b010dac04b598852540bbea72',1,1,'authToken','[]',1,'2020-09-18 12:26:52','2020-09-18 12:26:52','2021-09-18 12:26:52'),('ece5ebaf7d2afe671fb1f5ab657de1acc7cd8435bb9be033266a784a34b8bbdf2535645a0bed5de5',39,1,'authToken','[]',0,'2020-09-21 13:42:43','2020-09-21 13:42:43','2021-09-21 13:42:43'),('ece8c514c466dfcc7450a8a15e3f0757c3373c2f021de36f5fe97205d16e950effd3a426668e97df',21,1,'authToken','[]',1,'2020-09-21 12:34:49','2020-09-21 12:34:49','2021-09-21 12:34:49'),('ed5aab726adc345c79533f6e5551d01542cd34397d886cd10428c7650e8e0ac238308b3ae406a2f9',1,1,'authToken','[]',1,'2020-09-16 13:48:33','2020-09-16 13:48:33','2021-09-16 13:48:33'),('ed7aa67e1d9f887df4e3c9e45ad44e2c1a89ce0cb0c55892d1e34a39a2842bdd58774ba8a52743c0',9,1,'authToken','[]',0,'2020-09-20 10:44:57','2020-09-20 10:44:57','2021-09-20 10:44:57'),('eda1d87579d764b6d6cd0e995f531900296e27648bec7fd1d51014daaac4a8b7ff1509d5d3598462',41,1,'authToken','[]',0,'2020-09-21 13:49:01','2020-09-21 13:49:01','2021-09-21 13:49:01'),('ee14dee383cb72edc4178b4a344c81774e87bbee8f7eac16661ff2fc15e9d3a810c32b3c4ad746a6',21,1,'authToken','[]',1,'2020-09-21 12:28:41','2020-09-21 12:28:41','2021-09-21 12:28:41'),('ee73f06112e38053e6ff01fd9a9f692a4e6428dc3ce9b09cc243cdb2a718f16f9e984e34503e10c6',1,1,'authToken','[]',1,'2020-09-16 15:58:09','2020-09-16 15:58:09','2021-09-16 15:58:09'),('eed80891a1da0d5b8568e57d7837addfe5a7950496ff2d22490e429027c175e10f20b65affd668fc',1,1,'authToken','[]',1,'2020-09-18 12:25:14','2020-09-18 12:25:14','2021-09-18 12:25:14'),('eef58b660c082682927f4e7b34f2476ed37dbbe5600d78fafaa6d56a0b76ef82815eae8c1adfed41',1,1,'authToken','[]',1,'2020-09-18 13:25:33','2020-09-18 13:25:33','2021-09-18 13:25:33'),('ef72023e6d5f84f434db92b8005e65703acbbb1b7d1a846135a8aaba71da44fd7c1acb5501df8abf',1,1,'authToken','[]',1,'2020-09-16 17:13:00','2020-09-16 17:13:00','2021-09-16 17:13:00'),('ef7c63814615de6875cf18d0fa2b9a389f3f3ef806ee0d873daacad8fe556768682246eabc03385f',41,1,'authToken','[]',0,'2020-09-21 13:47:44','2020-09-21 13:47:44','2021-09-21 13:47:44'),('efafaac61a5d322ebfaef62285d4693eaad61b0c48a1a377070806e8f5c95d9bdf978ce732913b51',1,1,'authToken','[]',1,'2020-09-18 12:28:24','2020-09-18 12:28:24','2021-09-18 12:28:24'),('efb42eab8433b404b642cc73c24f6fdb74448f8ccd0370d7895574f200d227a3db6b06cb40427676',1,1,'authToken','[]',1,'2020-09-18 01:01:58','2020-09-18 01:01:58','2021-09-18 01:01:58'),('effc3e046bbbf34e979e12eb1d17a3ee67783bafbd8f2800391787138b5d5edb9efbf3f32a45ab01',1,1,'authToken','[]',1,'2020-09-17 01:43:46','2020-09-17 01:43:46','2021-09-17 01:43:46'),('f04faa278549765e0f16a48cfa65650abe8d8c7a7e71f3b224fdf0e35ca93e8c7a82ef6c5a2caf94',1,1,'authToken','[]',1,'2020-09-20 08:01:42','2020-09-20 08:01:42','2021-09-20 08:01:42'),('f09f43e98bb27660832b210e85349a8e2623ea22a639cb7d14b432b8cd4525b30078faeef7982991',25,1,'authToken','[]',0,'2020-09-22 14:56:34','2020-09-22 14:56:34','2021-09-22 14:56:34'),('f1814a2b00dac039edcc1743c63300e49041d82cb18037392c8e8ac94dd84f9a8c9fcc0e3016e95b',1,1,'authToken','[]',1,'2020-09-16 12:10:38','2020-09-16 12:10:38','2021-09-16 12:10:38'),('f1c91faee7da728c905c4e80b682380aa867a0b2a01e95ad98119a40c2ae8d16012ce250a225cd83',1,1,'authToken','[]',1,'2020-09-20 07:04:07','2020-09-20 07:04:07','2021-09-20 07:04:07'),('f22fdf5a645882bd2bfec20ace15e5348984cd87b5285d070786de63521a90ab3e097a8c410d272f',1,1,'authToken','[]',1,'2020-09-16 13:47:18','2020-09-16 13:47:18','2021-09-16 13:47:18'),('f236ff76a27561cbae894a0b89a5d6fd07ecea9a03cfdd15e0a8fd11f04566fe597154b9986556a7',1,1,'authToken','[]',1,'2020-09-20 07:31:02','2020-09-20 07:31:02','2021-09-20 07:31:02'),('f28c540d7f190bf3ba5539b87e98ed21cac681a2dd850fbb5e0b206a751e93ea81c2be3587a04c66',1,1,'authToken','[]',1,'2020-09-16 17:15:54','2020-09-16 17:15:54','2021-09-16 17:15:54'),('f28f2c4bacfb981db608e9e3b9d35ef99cc6c3252b6175c6506b90a01198e717f9e8d3db45c3c7e0',1,1,'authToken','[]',1,'2020-09-20 06:59:48','2020-09-20 06:59:48','2021-09-20 06:59:48'),('f2fa314fa964115708d93251fcc2e675398137412b52abf484b3a2899a648f3323db29fb12e7c8b0',1,1,'authToken','[]',1,'2020-09-18 12:10:16','2020-09-18 12:10:16','2021-09-18 12:10:16'),('f31b6f5cfb01923d3970141efbb8c47cdc37b3ae3869f6bb6ee2fa30818fdb54c858d99343464fb8',1,1,'authToken','[]',1,'2020-09-16 17:26:56','2020-09-16 17:26:56','2021-09-16 17:26:56'),('f495177ebc0c7583b4205b5c16294ac2bd583ce0d959b15faa22c8890203f7111ef4721f9f6bc17b',1,1,'authToken','[]',1,'2020-09-20 07:31:26','2020-09-20 07:31:26','2021-09-20 07:31:26'),('f520c971e50f8f17e12d3775c28188a4edfd3c920e711e03fb9f02cb19c6183f8ed6a864485793db',1,1,'authToken','[]',1,'2020-09-17 11:19:01','2020-09-17 11:19:01','2021-09-17 11:19:01'),('f5431fa1d68ad190534255c1b6154acad18b6f072e42414a85257d767c9114de47b32790bd5e610a',21,1,'authToken','[]',1,'2020-09-21 12:20:47','2020-09-21 12:20:47','2021-09-21 12:20:47'),('f55ed46580165f131714733115df3e4885195a742c0d1cd64008654f6dc25ad741cd09c4686618a8',1,1,'authToken','[]',1,'2020-09-16 14:41:30','2020-09-16 14:41:30','2021-09-16 14:41:30'),('f5eb225078034f6ed8276bdd0d1f68a73059a667bc3c8501c33bc13135b89da94050f0f5503779f3',1,1,'authToken','[]',1,'2020-09-18 13:26:11','2020-09-18 13:26:11','2021-09-18 13:26:11'),('f6ed47b504e128dccf694bc6e09661a409aaffa15df175cf013983cf6d584a6db90aea44d6fa6ca0',1,1,'authToken','[]',1,'2020-09-20 07:01:58','2020-09-20 07:01:58','2021-09-20 07:01:58'),('f6f7aec1fd9f4f64f09171b6adb0f9a41e22f5d82041ecba8f4416d48ea40560261c1a9aae7ea2cc',1,1,'authToken','[]',1,'2020-09-17 09:39:15','2020-09-17 09:39:15','2021-09-17 09:39:15'),('f7077abba109c9073085a7f45b08cacfbd889f967f910d2fd073146aec30a0991ef91c6773193e85',25,1,'authToken','[]',0,'2020-09-22 14:57:30','2020-09-22 14:57:30','2021-09-22 14:57:30'),('f73e37f08515da0a8f4915f3db8cc2cee6fcd1cef78f7faec8ac3d1ed9b203fbfd60f5501180a4a1',1,1,'authToken','[]',1,'2020-09-20 07:58:28','2020-09-20 07:58:28','2021-09-20 07:58:28'),('f76f0abae248741df524a801b56a4f4c758cf3e5e953790f71fb267d76803c18d808ba98e5a50d7f',10,1,'authToken','[]',1,'2020-09-21 11:48:22','2020-09-21 11:48:22','2021-09-21 11:48:22'),('f7879f65eb48174d1005be5ad249e0341ac7113f8a3740ebb3b76f5bc2735201c81ad79c50c3af68',1,1,'authToken','[]',1,'2020-09-16 13:48:34','2020-09-16 13:48:34','2021-09-16 13:48:34'),('f8339b4d578579111c5995c01c2640791f9c2faf6e5feec65a452591334e5108f87147bf181962f6',1,1,'authToken','[]',1,'2020-09-16 17:14:29','2020-09-16 17:14:29','2021-09-16 17:14:29'),('f8547be0abf8bf1a00becb9cf57fb70e0b30d66d4aa4f4f4f8d42c747d9abfd2ebd340ba9da1470b',1,1,'authToken','[]',1,'2020-09-16 17:22:25','2020-09-16 17:22:25','2021-09-16 17:22:25'),('f88327ee0a827a7a5e4d0236c895fd2001b8fd5f6c73ae4923c611bd3cd7c085023eafd2646ae2ac',1,1,'authToken','[]',1,'2020-09-18 01:00:29','2020-09-18 01:00:29','2021-09-18 01:00:29'),('f8fefb65e1698a24c4db68c90bfdfa55cd5b508814cba633ed33a1a76f5d2cb240ac21df8e789732',1,1,'authToken','[]',1,'2020-09-17 01:52:53','2020-09-17 01:52:53','2021-09-17 01:52:53'),('f90b734d5df15d5da24775862e7a728f66acace5bdae1eb612978783c7a0cdab5a7dae9d577225dd',1,1,'authToken','[]',1,'2020-09-18 12:20:37','2020-09-18 12:20:37','2021-09-18 12:20:37'),('f9779fcd3fe881fdec30f4579e9ae1f27e23ec68d0d03bcc37960c08911841fcff95b6b77cf9b0c7',1,1,'authToken','[]',1,'2020-09-16 13:47:18','2020-09-16 13:47:18','2021-09-16 13:47:18'),('f98ad5b811867bba8ed3752f9145aa279aae968b90c3c5b7aa3c07b5a745546ab0f79f388e6936b6',25,1,'authToken','[]',0,'2020-09-22 14:56:30','2020-09-22 14:56:30','2021-09-22 14:56:30'),('f9985da87cccede5c06fc12432473e159de50f6c617c92ac56564c0b6515a6f217144a7c92f056db',1,1,'authToken','[]',1,'2020-09-16 17:23:48','2020-09-16 17:23:48','2021-09-16 17:23:48'),('f9f2e11ab5e73d33cf81e30fe7aa331358bca51c480824c5ad2c390d888c5b2608858a4deab42a34',1,1,'authToken','[]',1,'2020-09-20 06:46:33','2020-09-20 06:46:33','2021-09-20 06:46:33'),('fa2d79566ca93cf904d41ba85c0aa53f643673e7a09736c6fdedb426203a557c6396ab7935aa2bf2',1,1,'authToken','[]',1,'2020-09-17 01:49:10','2020-09-17 01:49:10','2021-09-17 01:49:10'),('fa6ff7f5282afe0ae4708c23f5e7c26794727e96c6e995d02d7a4830d2cab394b72dc481876b4a25',1,1,'authToken','[]',1,'2020-09-16 15:58:09','2020-09-16 15:58:09','2021-09-16 15:58:09'),('fa980e9e76e49971ffd3a12b65d15b0d8138b49b623764ed1eb08a0a599f46a5be95e0e79b947467',1,1,'authToken','[]',1,'2020-09-18 12:20:52','2020-09-18 12:20:52','2021-09-18 12:20:52'),('fb04aad17b0551754be17da82db50c7bdf90a2f92e7805f5c6c888fbf4d3eaf91b11fc4e851799dc',49,1,'authToken','[]',0,'2020-09-22 02:54:36','2020-09-22 02:54:36','2021-09-22 02:54:36'),('fb3c6b917c737d4613ac6881784b15e2c713135a54452f4fbeb48d6a9e5bf00fedb470e6d578e317',1,1,'authToken','[]',1,'2020-09-20 08:33:05','2020-09-20 08:33:05','2021-09-20 08:33:05'),('fba7bfa8b2d6b683260feca33656ea50de73383aaf94cd5e9c5388da1bca95da8498535ecec83df6',1,1,'authToken','[]',1,'2020-09-18 01:01:51','2020-09-18 01:01:51','2021-09-18 01:01:51'),('fbcbf29d6cb10cc2177c21b0de5edbdaa4107ff99f34cd881b94c25e7f628f5eb1ab6588e8217bdc',1,1,'authToken','[]',1,'2020-09-17 11:18:27','2020-09-17 11:18:27','2021-09-17 11:18:27'),('fd0cfe9278463496b37c40f49d196755091cecea5ab8f9bc25da120fd7ad818a92dbacd4d31d609b',1,1,'authToken','[]',1,'2020-09-18 14:36:21','2020-09-18 14:36:21','2021-09-18 14:36:21'),('fda8ea746e7ef992f4fe12624a2e68427c3839888f985ef0fb9ab324c59cfc5cbfb56343c1858bfc',25,1,'authToken','[]',0,'2020-09-22 15:00:33','2020-09-22 15:00:33','2021-09-22 15:00:33'),('fdb84d9d8d5a72a471bbd1a11486936ba9f8692b953d5ce03b344a5e4ff93a0b278001e848aa9075',41,1,'authToken','[]',0,'2020-09-21 13:47:44','2020-09-21 13:47:44','2021-09-21 13:47:44'),('feab5dd71390a8817deb187703ef0d038f9df5d8311f87a52043450d41a27b6788a695f86b2c719a',9,1,'authToken','[]',0,'2020-09-20 10:42:22','2020-09-20 10:42:22','2021-09-20 10:42:22'),('ff84322f3595d8992090591674310b8a43316f1b2fb298e8b0432653a159e96a553cf146ed429f5e',25,1,'authToken','[]',0,'2020-09-22 15:00:33','2020-09-22 15:00:33','2021-09-22 15:00:33'),('ffa8760005b3724623b50196027bad350da472db3f60f99fb98de00f3978d68c5bc0fe0165a705b3',1,1,'authToken','[]',1,'2020-09-20 08:11:11','2020-09-20 08:11:11','2021-09-20 08:11:11'),('ffd27e2de1b52ab48dd90c50a85288979975b5e55a20ff6b40f73cbff1fd181a9020e6aa476a0d2e',1,1,'authToken','[]',1,'2020-09-16 17:12:14','2020-09-16 17:12:14','2021-09-16 17:12:14');
/*!40000 ALTER TABLE `oauth_access_tokens` ENABLE KEYS */;
UNLOCK TABLES;

--
-- Table structure for table `oauth_auth_codes`
--

DROP TABLE IF EXISTS `oauth_auth_codes`;
/*!40101 SET @saved_cs_client     = @@character_set_client */;
/*!50503 SET character_set_client = utf8mb4 */;
CREATE TABLE `oauth_auth_codes` (
  `id` varchar(100) COLLATE utf8mb4_unicode_ci NOT NULL,
  `user_id` bigint(20) unsigned NOT NULL,
  `client_id` bigint(20) unsigned NOT NULL,
  `scopes` text COLLATE utf8mb4_unicode_ci,
  `revoked` tinyint(1) NOT NULL,
  `expires_at` datetime DEFAULT NULL,
  PRIMARY KEY (`id`),
  KEY `oauth_auth_codes_user_id_index` (`user_id`)
) ENGINE=InnoDB DEFAULT CHARSET=utf8mb4 COLLATE=utf8mb4_unicode_ci;
/*!40101 SET character_set_client = @saved_cs_client */;

--
-- Dumping data for table `oauth_auth_codes`
--

LOCK TABLES `oauth_auth_codes` WRITE;
/*!40000 ALTER TABLE `oauth_auth_codes` DISABLE KEYS */;
/*!40000 ALTER TABLE `oauth_auth_codes` ENABLE KEYS */;
UNLOCK TABLES;

--
-- Table structure for table `oauth_clients`
--

DROP TABLE IF EXISTS `oauth_clients`;
/*!40101 SET @saved_cs_client     = @@character_set_client */;
/*!50503 SET character_set_client = utf8mb4 */;
CREATE TABLE `oauth_clients` (
  `id` bigint(20) unsigned NOT NULL AUTO_INCREMENT,
  `user_id` bigint(20) unsigned DEFAULT NULL,
  `name` varchar(255) COLLATE utf8mb4_unicode_ci NOT NULL,
  `secret` varchar(100) COLLATE utf8mb4_unicode_ci DEFAULT NULL,
  `provider` varchar(255) COLLATE utf8mb4_unicode_ci DEFAULT NULL,
  `redirect` text COLLATE utf8mb4_unicode_ci NOT NULL,
  `personal_access_client` tinyint(1) NOT NULL,
  `password_client` tinyint(1) NOT NULL,
  `revoked` tinyint(1) NOT NULL,
  `created_at` timestamp NULL DEFAULT NULL,
  `updated_at` timestamp NULL DEFAULT NULL,
  PRIMARY KEY (`id`),
  KEY `oauth_clients_user_id_index` (`user_id`)
) ENGINE=InnoDB AUTO_INCREMENT=3 DEFAULT CHARSET=utf8mb4 COLLATE=utf8mb4_unicode_ci;
/*!40101 SET character_set_client = @saved_cs_client */;

--
-- Dumping data for table `oauth_clients`
--

LOCK TABLES `oauth_clients` WRITE;
/*!40000 ALTER TABLE `oauth_clients` DISABLE KEYS */;
INSERT INTO `oauth_clients` VALUES (1,NULL,'Online Betting Personal Access Client','Kyjjhb3nGGBOUccysf1ogvBKJqTql5LKSpaWRuhc',NULL,'http://localhost',1,0,0,'2020-09-16 12:09:57','2020-09-16 12:09:57'),(2,NULL,'Online Betting Password Grant Client','IKrqI4r70BfbW9awamgtGDM39BJkYbWOMO0fCOHf','users','http://localhost',0,1,0,'2020-09-16 12:09:57','2020-09-16 12:09:57');
/*!40000 ALTER TABLE `oauth_clients` ENABLE KEYS */;
UNLOCK TABLES;

--
-- Table structure for table `oauth_personal_access_clients`
--

DROP TABLE IF EXISTS `oauth_personal_access_clients`;
/*!40101 SET @saved_cs_client     = @@character_set_client */;
/*!50503 SET character_set_client = utf8mb4 */;
CREATE TABLE `oauth_personal_access_clients` (
  `id` bigint(20) unsigned NOT NULL AUTO_INCREMENT,
  `client_id` bigint(20) unsigned NOT NULL,
  `created_at` timestamp NULL DEFAULT NULL,
  `updated_at` timestamp NULL DEFAULT NULL,
  PRIMARY KEY (`id`)
) ENGINE=InnoDB AUTO_INCREMENT=2 DEFAULT CHARSET=utf8mb4 COLLATE=utf8mb4_unicode_ci;
/*!40101 SET character_set_client = @saved_cs_client */;

--
-- Dumping data for table `oauth_personal_access_clients`
--

LOCK TABLES `oauth_personal_access_clients` WRITE;
/*!40000 ALTER TABLE `oauth_personal_access_clients` DISABLE KEYS */;
INSERT INTO `oauth_personal_access_clients` VALUES (1,1,'2020-09-16 12:09:57','2020-09-16 12:09:57');
/*!40000 ALTER TABLE `oauth_personal_access_clients` ENABLE KEYS */;
UNLOCK TABLES;

--
-- Table structure for table `oauth_refresh_tokens`
--

DROP TABLE IF EXISTS `oauth_refresh_tokens`;
/*!40101 SET @saved_cs_client     = @@character_set_client */;
/*!50503 SET character_set_client = utf8mb4 */;
CREATE TABLE `oauth_refresh_tokens` (
  `id` varchar(100) COLLATE utf8mb4_unicode_ci NOT NULL,
  `access_token_id` varchar(100) COLLATE utf8mb4_unicode_ci NOT NULL,
  `revoked` tinyint(1) NOT NULL,
  `expires_at` datetime DEFAULT NULL,
  PRIMARY KEY (`id`)
) ENGINE=InnoDB DEFAULT CHARSET=utf8mb4 COLLATE=utf8mb4_unicode_ci;
/*!40101 SET character_set_client = @saved_cs_client */;

--
-- Dumping data for table `oauth_refresh_tokens`
--

LOCK TABLES `oauth_refresh_tokens` WRITE;
/*!40000 ALTER TABLE `oauth_refresh_tokens` DISABLE KEYS */;
/*!40000 ALTER TABLE `oauth_refresh_tokens` ENABLE KEYS */;
UNLOCK TABLES;

--
-- Table structure for table `password_resets`
--

DROP TABLE IF EXISTS `password_resets`;
/*!40101 SET @saved_cs_client     = @@character_set_client */;
/*!50503 SET character_set_client = utf8mb4 */;
CREATE TABLE `password_resets` (
  `email` varchar(255) COLLATE utf8mb4_unicode_ci NOT NULL,
  `token` varchar(255) COLLATE utf8mb4_unicode_ci NOT NULL,
  `created_at` timestamp NULL DEFAULT NULL,
  KEY `password_resets_email_index` (`email`)
) ENGINE=InnoDB DEFAULT CHARSET=utf8mb4 COLLATE=utf8mb4_unicode_ci;
/*!40101 SET character_set_client = @saved_cs_client */;

--
-- Dumping data for table `password_resets`
--

LOCK TABLES `password_resets` WRITE;
/*!40000 ALTER TABLE `password_resets` DISABLE KEYS */;
/*!40000 ALTER TABLE `password_resets` ENABLE KEYS */;
UNLOCK TABLES;

--
-- Table structure for table `status_types`
--

DROP TABLE IF EXISTS `status_types`;
/*!40101 SET @saved_cs_client     = @@character_set_client */;
/*!50503 SET character_set_client = utf8mb4 */;
CREATE TABLE `status_types` (
  `id` bigint(20) unsigned NOT NULL AUTO_INCREMENT,
  `name` varchar(255) COLLATE utf8mb4_unicode_ci NOT NULL,
  `description` text COLLATE utf8mb4_unicode_ci,
  `deleted_at` timestamp NULL DEFAULT NULL,
  `created_at` timestamp NULL DEFAULT NULL,
  `updated_at` timestamp NULL DEFAULT NULL,
  PRIMARY KEY (`id`)
) ENGINE=InnoDB AUTO_INCREMENT=4 DEFAULT CHARSET=utf8mb4 COLLATE=utf8mb4_unicode_ci;
/*!40101 SET character_set_client = @saved_cs_client */;

--
-- Dumping data for table `status_types`
--

LOCK TABLES `status_types` WRITE;
/*!40000 ALTER TABLE `status_types` DISABLE KEYS */;
INSERT INTO `status_types` VALUES (1,'Race Off',NULL,NULL,'2020-09-16 11:36:10','2020-09-16 11:36:10'),(2,'Result',NULL,NULL,'2020-09-16 11:36:10','2020-09-16 11:36:10'),(3,'Upcoming',NULL,NULL,'2020-09-16 11:36:10','2020-09-16 11:36:10');
/*!40000 ALTER TABLE `status_types` ENABLE KEYS */;
UNLOCK TABLES;

--
-- Table structure for table `user_balance_credit_debit`
--

DROP TABLE IF EXISTS `user_balance_credit_debit`;
/*!40101 SET @saved_cs_client     = @@character_set_client */;
/*!50503 SET character_set_client = utf8mb4 */;
CREATE TABLE `user_balance_credit_debit` (
  `id` bigint(20) unsigned NOT NULL AUTO_INCREMENT,
  `user_id` bigint(20) unsigned NOT NULL,
  `amount` decimal(15,2) NOT NULL DEFAULT '0.00',
  `credit_debit` tinyint(1) NOT NULL,
  `transaction_subtype_type` varchar(255) COLLATE utf8mb4_unicode_ci NOT NULL,
  `transaction_subtype_id` int(11) NOT NULL,
  `added_by` bigint(20) unsigned NOT NULL,
  `deleted_at` timestamp NULL DEFAULT NULL,
  `created_at` timestamp NULL DEFAULT NULL,
  `updated_at` timestamp NULL DEFAULT NULL,
  PRIMARY KEY (`id`),
  KEY `user_balance_credit_debit_user_id_foreign` (`user_id`),
  KEY `user_balance_credit_debit_added_by_foreign` (`added_by`),
  CONSTRAINT `user_balance_credit_debit_added_by_foreign` FOREIGN KEY (`added_by`) REFERENCES `users` (`id`),
  CONSTRAINT `user_balance_credit_debit_user_id_foreign` FOREIGN KEY (`user_id`) REFERENCES `users` (`id`)
) ENGINE=InnoDB AUTO_INCREMENT=22 DEFAULT CHARSET=utf8mb4 COLLATE=utf8mb4_unicode_ci;
/*!40101 SET character_set_client = @saved_cs_client */;

--
-- Dumping data for table `user_balance_credit_debit`
--

LOCK TABLES `user_balance_credit_debit` WRITE;
/*!40000 ALTER TABLE `user_balance_credit_debit` DISABLE KEYS */;
INSERT INTO `user_balance_credit_debit` VALUES (4,49,2.00,2,'App/Bet',193,49,NULL,'2020-09-24 11:39:07','2020-09-24 11:39:07'),(5,49,2.00,2,'App/Bet',193,49,NULL,'2020-09-24 11:39:21','2020-09-24 11:39:21'),(6,49,2.00,2,'App/Bet',193,49,NULL,'2020-09-24 11:39:22','2020-09-24 11:39:22'),(7,49,2.00,2,'App/Bet',193,49,NULL,'2020-09-24 11:39:23','2020-09-24 11:39:23'),(8,49,2.00,2,'App/Bet',193,49,NULL,'2020-09-24 11:39:52','2020-09-24 11:39:52'),(9,49,2.00,2,'App/Bet',193,49,NULL,'2020-09-24 11:41:16','2020-09-24 11:41:16'),(10,49,4.00,2,'App/Bet',239,49,NULL,'2020-09-24 11:45:59','2020-09-24 11:45:59'),(11,49,2.00,2,'App/Bet',240,49,NULL,'2020-09-24 11:48:40','2020-09-24 11:48:40'),(12,49,2.00,2,'App/Bet',241,49,NULL,'2020-09-24 11:49:35','2020-09-24 11:49:35'),(13,49,2.00,2,'App/Bet',242,49,NULL,'2020-09-24 12:08:58','2020-09-24 12:08:58'),(14,49,25.00,2,'App/Bet',243,49,NULL,'2020-09-24 12:09:10','2020-09-24 12:09:10'),(15,49,2.00,2,'App/Bet',244,49,NULL,'2020-09-24 12:09:16','2020-09-24 12:09:16'),(16,49,8.00,2,'App/Bet',245,49,NULL,'2020-09-24 13:59:47','2020-09-24 13:59:47'),(17,49,6.00,2,'App/Bet',246,49,NULL,'2020-09-24 14:00:30','2020-09-24 14:00:30'),(18,49,4.00,2,'App/Bet',248,49,NULL,'2020-09-24 14:01:26','2020-09-24 14:01:26'),(19,49,8.00,2,'App/Bet',249,49,NULL,'2020-09-24 14:13:05','2020-09-24 14:13:05'),(20,49,2.00,2,'App/Bet',253,49,NULL,'2020-09-24 14:15:36','2020-09-24 14:15:36'),(21,49,25.00,2,'App/Bet',254,49,NULL,'2020-09-24 14:33:42','2020-09-24 14:33:42');
/*!40000 ALTER TABLE `user_balance_credit_debit` ENABLE KEYS */;
UNLOCK TABLES;

--
-- Table structure for table `users`
--

DROP TABLE IF EXISTS `users`;
/*!40101 SET @saved_cs_client     = @@character_set_client */;
/*!50503 SET character_set_client = utf8mb4 */;
CREATE TABLE `users` (
  `id` bigint(20) unsigned NOT NULL AUTO_INCREMENT,
  `name` varchar(255) COLLATE utf8mb4_unicode_ci NOT NULL,
  `email` varchar(255) COLLATE utf8mb4_unicode_ci NOT NULL,
  `email_verified_at` timestamp NULL DEFAULT NULL,
  `password` varchar(255) COLLATE utf8mb4_unicode_ci NOT NULL,
  `api_token` varchar(80) COLLATE utf8mb4_unicode_ci DEFAULT NULL,
  `remember_token` varchar(100) COLLATE utf8mb4_unicode_ci DEFAULT NULL,
  `created_at` timestamp NULL DEFAULT NULL,
  `updated_at` timestamp NULL DEFAULT NULL,
  `user_type` varchar(255) COLLATE utf8mb4_unicode_ci NOT NULL DEFAULT 'bettor',
  `mobile_number` varchar(255) COLLATE utf8mb4_unicode_ci DEFAULT NULL,
  `balance` decimal(15,2) DEFAULT '0.00',
  PRIMARY KEY (`id`),
  UNIQUE KEY `users_email_unique` (`email`),
  UNIQUE KEY `users_api_token_unique` (`api_token`)
) ENGINE=InnoDB AUTO_INCREMENT=50 DEFAULT CHARSET=utf8mb4 COLLATE=utf8mb4_unicode_ci;
/*!40101 SET character_set_client = @saved_cs_client */;

--
-- Dumping data for table `users`
--

LOCK TABLES `users` WRITE;
/*!40000 ALTER TABLE `users` DISABLE KEYS */;
INSERT INTO `users` VALUES (1,'admin@admin','admin@admin',NULL,'$2y$10$EUZhrpM2Na4PJ/uAQ8/j0uY9hMLRkBo.kbrw34374Fu1fULfpmwB2','5f6200a043c65','ezIdEpkrIUFWiZJUqoopietFtfuq0G8j2VoKsEKRcS6PQbzAsIImVt9nsYPb','2020-09-16 12:10:08','2020-09-16 12:10:08','admin',NULL,0.00),(2,'Paul','admin@admin.com',NULL,'$2y$10$EWtah8tUBGYU/nXgwczjTuQteRzFMnw37lYWfhMEaSoSlL/0UTqBG','5f67276c609bd',NULL,'2020-09-20 09:57:00','2020-09-20 09:57:00','bettor',NULL,0.00),(4,'Paul','admin2@admin.com',NULL,'$2y$10$KtuKCigQn4RzL8tW0Zqlae0kbM2cmqdCLlKgD.S/siOy2jzFcJVJW','5f672885c2f95',NULL,'2020-09-20 10:01:41','2020-09-20 10:01:41','bettor',NULL,0.00),(5,'Paul','admin3@admin.com',NULL,'$2y$10$TfajKiFScdYIGa.u0foCuePlaHuOVh6XN8ddRCV.icCblaajY/VA.','5f6728b679d44',NULL,'2020-09-20 10:02:30','2020-09-20 10:02:30','bettor',NULL,0.00),(6,'Paul','admin4@admin.com',NULL,'$2y$10$1h3E.zIRMI/v.lV.zdtbburk9t4qmKy0g7YrfptXsxQVBc/nLmfqy','5f6728dbc6867',NULL,'2020-09-20 10:03:07','2020-09-20 10:03:07','bettor',NULL,0.00),(7,'Paul','admin5@admin.com',NULL,'$2y$10$tps6hf3MWNc3WW8.nrH.huUQDVOTYqb4PWSdZ5rMiEheYYf4y0xvG','5f6728f40b567',NULL,'2020-09-20 10:03:32','2020-09-20 10:03:32','bettor','093914432929',0.00),(8,'Paul','admin8@admin.com',NULL,'$2y$10$pddOeEBLlW8JQ3bxuHu.zuW6C2jBrVWkVGKpoH.opN4embWa7WBe6','5f672e0ac3fd7',NULL,'2020-09-20 10:25:14','2020-09-20 10:25:14','bettor','09394928382',0.00),(9,'Paul','admin9@admin.co',NULL,'$2y$10$HkdfFxpw4Olo8bSGS/AlX.hj9rtf/azaq8fMrV195jFORmwAev4Vq','5f672fad1b99b',NULL,'2020-09-20 10:32:13','2020-09-20 10:32:13','bettor','09391442347',0.00),(10,'admin10@admin','admin10@admin.com','2020-08-21 19:49:00','$2y$10$Iz2huxtaBEI0uGfSA/yPzeMfFGHHgRJqMm0GDnsweNfryVV4Xk2Ae','5f673ac849503',NULL,'2020-09-20 11:19:36','2020-09-20 11:19:36','bettor','093912029292',0.00),(25,'aawiodj','admin22@admin','2020-09-21 13:12:21','$2y$10$x2F8ue3z95iAD8Rq5ZkLM.0ilMWMFRSI/DOApOLU4L5ykygfU2boS','5f68a585cbdc3',NULL,'2020-09-21 13:07:17','2020-09-21 13:12:21','admin',NULL,0.00),(42,'1231','admin99@admin.com',NULL,'$2y$10$/fxtJqtpZZrG501oq20pGeRVqUPFqWuWkTNolnncCpAS6mO0jHryO','5f68af61dca9c',NULL,'2020-09-21 13:49:21','2020-09-21 13:49:21','bettor','123123123',0.00),(49,'123qwe123','paul.andrew.arboleda@gmail.com','2020-09-21 02:17:02','$2y$10$83ZnTNL8knJ5hc09rw/AAeGf/L.ZSK4IRJtZzSq.r8segoFzt20oG','5f68b5d4c8061',NULL,'2020-09-21 14:16:52','2020-09-24 14:33:42','bettor','123123',947.00);
/*!40000 ALTER TABLE `users` ENABLE KEYS */;
UNLOCK TABLES;

--
-- Table structure for table `winners`
--

DROP TABLE IF EXISTS `winners`;
/*!40101 SET @saved_cs_client     = @@character_set_client */;
/*!50503 SET character_set_client = utf8mb4 */;
CREATE TABLE `winners` (
  `id` bigint(20) unsigned NOT NULL AUTO_INCREMENT,
  `game_id` bigint(20) unsigned NOT NULL,
  `user_id` bigint(20) unsigned NOT NULL,
  `bet_id` bigint(20) unsigned NOT NULL,
  `created_at` timestamp NULL DEFAULT NULL,
  `updated_at` timestamp NULL DEFAULT NULL,
  PRIMARY KEY (`id`),
  KEY `winners_game_id_foreign` (`game_id`),
  KEY `winners_user_id_foreign` (`user_id`),
  KEY `winners_bet_id_foreign` (`bet_id`),
  CONSTRAINT `winners_bet_id_foreign` FOREIGN KEY (`bet_id`) REFERENCES `bets` (`id`),
  CONSTRAINT `winners_game_id_foreign` FOREIGN KEY (`game_id`) REFERENCES `games` (`id`),
  CONSTRAINT `winners_user_id_foreign` FOREIGN KEY (`user_id`) REFERENCES `users` (`id`)
) ENGINE=InnoDB DEFAULT CHARSET=utf8mb4 COLLATE=utf8mb4_unicode_ci;
/*!40101 SET character_set_client = @saved_cs_client */;

--
-- Dumping data for table `winners`
--

LOCK TABLES `winners` WRITE;
/*!40000 ALTER TABLE `winners` DISABLE KEYS */;
/*!40000 ALTER TABLE `winners` ENABLE KEYS */;
UNLOCK TABLES;
/*!40103 SET TIME_ZONE=@OLD_TIME_ZONE */;

/*!40101 SET SQL_MODE=@OLD_SQL_MODE */;
/*!40014 SET FOREIGN_KEY_CHECKS=@OLD_FOREIGN_KEY_CHECKS */;
/*!40014 SET UNIQUE_CHECKS=@OLD_UNIQUE_CHECKS */;
/*!40101 SET CHARACTER_SET_CLIENT=@OLD_CHARACTER_SET_CLIENT */;
/*!40101 SET CHARACTER_SET_RESULTS=@OLD_CHARACTER_SET_RESULTS */;
/*!40101 SET COLLATION_CONNECTION=@OLD_COLLATION_CONNECTION */;
/*!40111 SET SQL_NOTES=@OLD_SQL_NOTES */;

-- Dump completed on 2020-09-24 23:37:01
